检查时间(JST),预约日期,DOM时段(竖线分隔),文本时间,API响应数,备注
2026-05-12 18:23:42,,,12:00 | 5:00 | 7:15,4,DOM无时段，文本有时间
2026-05-12 18:32:16,2026-05-12,-,19:00 | 19:15,0
2026-05-12 18:32:16,2026-05-14,17:00 | 19:15,12:00 | 17:15 | 17:30 | 17:45 | 18:00 | 18:15 | 18:30 | 18:45 | 19:00,2
2026-05-12 18:32:16,2026-05-15,12:00,17:00 | 17:15 | 17:30 | 17:45 | 18:00 | 18:15 | 18:30 | 18:45 | 19:00 | 19:15,1
2026-05-12 18:32:16,2026-05-16,-,12:00 | 17:00 | 17:15 | 17:30 | 17:45 | 18:00 | 18:15 | 18:30 | 18:45 | 19:00 | 19:15,0
2026-05-12 18:32:16,2026-05-17,-,11:30 | 17:00 | 17:15 | 17:30 | 17:45 | 18:00 | 18:15 | 18:30 | 18:45 | 19:00 | 19:15,0
2026-05-12 18:32:16,2026-05-18,-,12:00 | 17:00 | 17:15 | 17:30 | 17:45 | 18:00 | 18:15 | 18:30 | 18:45 | 19:00 | 19:15,0
2026-05-13 15:21:50,2026-05-14,17:00 | 19:15,12:00 | 17:15 | 17:30 | 17:45 | 18:00 | 18:15 | 18:30 | 18:45 | 19:00,2
2026-05-13 15:21:50,2026-05-15,12:00,17:00 | 17:15 | 17:30 | 17:45 | 18:00 | 18:15 | 18:30 | 18:45 | 19:00 | 19:15,1
2026-05-13 15:21:50,2026-05-16,-,12:00 | 17:00 | 17:15 | 17:30 | 17:45 | 18:00 | 18:15 | 18:30 | 18:45 | 19:00 | 19:15,0
2026-05-13 15:21:50,2026-05-17,-,11:30 | 17:00 | 17:15 | 17:30 | 17:45 | 18:00 | 18:15 | 18:30 | 18:45 | 19:00 | 19:15,0
2026-05-13 15:21:50,2026-05-18,-,12:00 | 17:00 | 17:15 | 17:30 | 17:45 | 18:00 | 18:15 | 18:30 | 18:45 | 19:00 | 19:15,0
2026-05-13 15:21:50,2026-05-19,-,12:00 | 17:00 | 17:15 | 17:30 | 17:45 | 18:00 | 18:15 | 18:30 | 18:45 | 19:00 | 19:15,0
2026-05-13 15:33:42,2026-05-14,17:00 | 19:15,12:00 | 17:15 | 17:30 | 17:45 | 18:00 | 18:15 | 18:30 | 18:45 | 19:00,2
2026-05-13 15:33:42,2026-05-15,12:00,17:00 | 17:15 | 17:30 | 17:45 | 18:00 | 18:15 | 18:30 | 18:45 | 19:00 | 19:15,1
2026-05-13 15:33:42,2026-05-16,-,12:00 | 17:00 | 17:15 | 17:30 | 17:45 | 18:00 | 18:15 | 18:30 | 18:45 | 19:00 | 19:15,0
2026-05-13 15:33:42,2026-05-17,-,11:30 | 17:00 | 17:15 | 17:30 | 17:45 | 18:00 | 18:15 | 18:30 | 18:45 | 19:00 | 19:15,0
2026-05-13 15:33:42,2026-05-18,-,12:00 | 17:00 | 17:15 | 17:30 | 17:45 | 18:00 | 18:15 | 18:30 | 18:45 | 19:00 | 19:15,0
2026-05-13 15:33:42,2026-05-19,-,12:00 | 17:00 | 17:15 | 17:30 | 17:45 | 18:00 | 18:15 | 18:30 | 18:45 | 19:00 | 19:15,0
2026-05-13 15:53:45,2026-05-14,17:00 | 19:15,12:00 | 17:15 | 17:30 | 17:45 | 18:00 | 18:15 | 18:30 | 18:45 | 19:00,2
2026-05-13 15:53:45,2026-05-15,12:00,17:00 | 17:15 | 17:30 | 17:45 | 18:00 | 18:15 | 18:30 | 18:45 | 19:00 | 19:15,1
2026-05-13 15:53:45,2026-05-16,-,12:00 | 17:00 | 17:15 | 17:30 | 17:45 | 18:00 | 18:15 | 18:30 | 18:45 | 19:00 | 19:15,0
2026-05-13 15:53:45,2026-05-17,-,11:30 | 17:00 | 17:15 | 17:30 | 17:45 | 18:00 | 18:15 | 18:30 | 18:45 | 19:00 | 19:15,0
2026-05-13 15:53:45,2026-05-18,-,12:00 | 17:00 | 17:15 | 17:30 | 17:45 | 18:00 | 18:15 | 18:30 | 18:45 | 19:00 | 19:15,0
2026-05-13 15:53:45,2026-05-19,-,12:00 | 17:00 | 17:15 | 17:30 | 17:45 | 18:00 | 18:15 | 18:30 | 18:45 | 19:00 | 19:15,0
2026-05-13 16:24:24,2026-05-14,17:00 | 19:15,12:00 | 17:15 | 17:30 | 17:45 | 18:00 | 18:15 | 18:30 | 18:45 | 19:00,2
2026-05-13 16:24:24,2026-05-15,-,12:00 | 17:00 | 17:15 | 17:30 | 17:45 | 18:00 | 18:15 | 18:30 | 18:45 | 19:00 | 19:15,0
2026-05-13 16:24:24,2026-05-16,-,12:00 | 17:00 | 17:15 | 17:30 | 17:45 | 18:00 | 18:15 | 18:30 | 18:45 | 19:00 | 19:15,0
2026-05-13 16:24:24,2026-05-17,-,11:30 | 17:00 | 17:15 | 17:30 | 17:45 | 18:00 | 18:15 | 18:30 | 18:45 | 19:00 | 19:15,0
2026-05-13 16:24:24,2026-05-18,-,12:00 | 17:00 | 17:15 | 17:30 | 17:45 | 18:00 | 18:15 | 18:30 | 18:45 | 19:00 | 19:15,0
2026-05-13 16:24:24,2026-05-19,-,12:00 | 17:00 | 17:15 | 17:30 | 17:45 | 18:00 | 18:15 | 18:30 | 18:45 | 19:00 | 19:15,0
2026-05-14 15:19:30,2026-05-14,19:15,17:00 | 17:15 | 17:30 | 17:45 | 18:00 | 18:15 | 18:30 | 18:45 | 19:00,1
2026-05-14 15:19:30,2026-05-15,-,12:00 | 17:00 | 17:15 | 17:30 | 17:45 | 18:00 | 18:15 | 18:30 | 18:45 | 19:00 | 19:15,0
2026-05-14 15:19:30,2026-05-16,-,12:00 | 17:00 | 17:15 | 17:30 | 17:45 | 18:00 | 18:15 | 18:30 | 18:45 | 19:00 | 19:15,0
2026-05-14 15:19:30,2026-05-17,-,11:30 | 17:00 | 17:15 | 17:30 | 17:45 | 18:00 | 18:15 | 18:30 | 18:45 | 19:00 | 19:15,0
2026-05-14 15:19:30,2026-05-18,-,12:00 | 17:00 | 17:15 | 17:30 | 17:45 | 18:00 | 18:15 | 18:30 | 18:45 | 19:00 | 19:15,0
2026-05-14 15:19:30,2026-05-19,-,12:00 | 17:00 | 17:15 | 17:30 | 17:45 | 18:00 | 18:15 | 18:30 | 18:45 | 19:00 | 19:15,0
2026-05-14 15:31:03,2026-05-14,19:15,17:00 | 17:15 | 17:30 | 17:45 | 18:00 | 18:15 | 18:30 | 18:45 | 19:00,1
2026-05-14 15:31:03,2026-05-15,-,12:00 | 17:00 | 17:15 | 17:30 | 17:45 | 18:00 | 18:15 | 18:30 | 18:45 | 19:00 | 19:15,0
2026-05-14 15:31:03,2026-05-16,-,12:00 | 17:00 | 17:15 | 17:30 | 17:45 | 18:00 | 18:15 | 18:30 | 18:45 | 19:00 | 19:15,0
2026-05-14 15:31:03,2026-05-17,-,11:30 | 17:00 | 17:15 | 17:30 | 17:45 | 18:00 | 18:15 | 18:30 | 18:45 | 19:00 | 19:15,0
2026-05-14 15:31:03,2026-05-18,-,12:00 | 17:00 | 17:15 | 17:30 | 17:45 | 18:00 | 18:15 | 18:30 | 18:45 | 19:00 | 19:15,0
2026-05-14 15:31:03,2026-05-19,-,12:00 | 17:00 | 17:15 | 17:30 | 17:45 | 18:00 | 18:15 | 18:30 | 18:45 | 19:00 | 19:15,0
2026-05-14 15:51:06,2026-05-14,19:15,17:00 | 17:15 | 17:30 | 17:45 | 18:00 | 18:15 | 18:30 | 18:45 | 19:00,1
2026-05-14 15:51:06,2026-05-15,-,12:00 | 17:00 | 17:15 | 17:30 | 17:45 | 18:00 | 18:15 | 18:30 | 18:45 | 19:00 | 19:15,0
2026-05-14 15:51:06,2026-05-16,-,12:00 | 17:00 | 17:15 | 17:30 | 17:45 | 18:00 | 18:15 | 18:30 | 18:45 | 19:00 | 19:15,0
2026-05-14 15:51:06,2026-05-17,-,11:30 | 17:00 | 17:15 | 17:30 | 17:45 | 18:00 | 18:15 | 18:30 | 18:45 | 19:00 | 19:15,0
2026-05-14 15:51:06,2026-05-18,-,12:00 | 17:00 | 17:15 | 17:30 | 17:45 | 18:00 | 18:15 | 18:30 | 18:45 | 19:00 | 19:15,0
2026-05-14 15:51:06,2026-05-19,-,12:00 | 17:00 | 17:15 | 17:30 | 17:45 | 18:00 | 18:15 | 18:30 | 18:45 | 19:00 | 19:15,0
2026-05-14 15:54:36,2026-05-14,-,17:00 | 17:15 | 17:30 | 17:45 | 18:00 | 18:15 | 18:30 | 18:45 | 19:00 | 19:15,0
2026-05-14 15:54:36,2026-05-15,-,12:00 | 17:00 | 17:15 | 17:30 | 17:45 | 18:00 | 18:15 | 18:30 | 18:45 | 19:00 | 19:15,0
2026-05-14 15:54:36,2026-05-16,-,12:00 | 17:00 | 17:15 | 17:30 | 17:45 | 18:00 | 18:15 | 18:30 | 18:45 | 19:00 | 19:15,0
2026-05-14 15:54:36,2026-05-17,-,11:30 | 17:00 | 17:15 | 17:30 | 17:45 | 18:00 | 18:15 | 18:30 | 18:45 | 19:00 | 19:15,0
2026-05-14 15:54:36,2026-05-18,-,12:00 | 17:00 | 17:15 | 17:30 | 17:45 | 18:00 | 18:15 | 18:30 | 18:45 | 19:00 | 19:15,0
2026-05-14 15:54:36,2026-05-19,-,12:00 | 17:00 | 17:15 | 17:30 | 17:45 | 18:00 | 18:15 | 18:30 | 18:45 | 19:00 | 19:15,0
2026-05-14 19:43:25,2026-05-15,-,12:00 | 17:00 | 17:15 | 17:30 | 17:45 | 18:00 | 18:15 | 18:30 | 18:45 | 19:00 | 19:15,0
2026-05-14 19:43:25,2026-05-16,-,12:00 | 17:00 | 17:15 | 17:30 | 17:45 | 18:00 | 18:15 | 18:30 | 18:45 | 19:00 | 19:15,0
2026-05-14 19:43:25,2026-05-17,-,11:30 | 17:00 | 17:15 | 17:30 | 17:45 | 18:00 | 18:15 | 18:30 | 18:45 | 19:00 | 19:15,0
2026-05-14 19:43:25,2026-05-18,-,12:00 | 17:00 | 17:15 | 17:30 | 17:45 | 18:00 | 18:15 | 18:30 | 18:45 | 19:00 | 19:15,0
2026-05-14 19:43:25,2026-05-19,-,12:00 | 17:00 | 17:15 | 17:30 | 17:45 | 18:00 | 18:15 | 18:30 | 18:45 | 19:00 | 19:15,0
2026-05-14 19:47:04,2026-05-15,-,12:00 | 17:00 | 17:15 | 17:30 | 17:45 | 18:00 | 18:15 | 18:30 | 18:45 | 19:00 | 19:15,0
2026-05-14 19:47:04,2026-05-16,-,12:00 | 17:00 | 17:15 | 17:30 | 17:45 | 18:00 | 18:15 | 18:30 | 18:45 | 19:00 | 19:15,0
2026-05-14 19:47:04,2026-05-17,-,11:30 | 17:00 | 17:15 | 17:30 | 17:45 | 18:00 | 18:15 | 18:30 | 18:45 | 19:00 | 19:15,0
2026-05-14 19:47:04,2026-05-18,-,12:00 | 17:00 | 17:15 | 17:30 | 17:45 | 18:00 | 18:15 | 18:30 | 18:45 | 19:00 | 19:15,0
2026-05-14 19:47:04,2026-05-19,-,12:00 | 17:00 | 17:15 | 17:30 | 17:45 | 18:00 | 18:15 | 18:30 | 18:45 | 19:00 | 19:15,0
2026-05-14 19:47:04,2026-05-22,-,12:00,0
2026-05-14 19:47:04,2026-05-23,-,12:00 | 17:00 | 17:15 | 17:30 | 17:45 | 18:00 | 18:15 | 18:30 | 18:45 | 19:00 | 19:15,0
2026-05-15 15:28:25,2026-05-15,-,17:00 | 17:15 | 17:30 | 17:45 | 18:00 | 18:15 | 18:30 | 18:45 | 19:00 | 19:15,0
2026-05-15 15:28:25,2026-05-16,-,12:00 | 17:00 | 17:15 | 17:30 | 17:45 | 18:00 | 18:15 | 18:30 | 18:45 | 19:00 | 19:15,0
2026-05-15 15:28:25,2026-05-17,-,11:30 | 17:00 | 17:15 | 17:30 | 17:45 | 18:00 | 18:15 | 18:30 | 18:45 | 19:00 | 19:15,0
2026-05-15 15:28:25,2026-05-18,-,12:00 | 17:00 | 17:15 | 17:30 | 17:45 | 18:00 | 18:15 | 18:30 | 18:45 | 19:00 | 19:15,0
2026-05-15 15:28:25,2026-05-19,-,12:00 | 17:00 | 17:15 | 17:30 | 17:45 | 18:00 | 18:15 | 18:30 | 18:45 | 19:00 | 19:15,0
2026-05-15 15:28:25,2026-05-22,-,12:00,0
2026-05-15 15:28:25,2026-05-23,-,12:00 | 17:00 | 17:15 | 17:30 | 17:45 | 18:00 | 18:15 | 18:30 | 18:45 | 19:00 | 19:15,0
2026-05-15 15:28:25,2026-05-24,17:00,11:30 | 17:15 | 17:30 | 17:45 | 18:00 | 18:15 | 18:30 | 18:45 | 19:00 | 19:15,1
2026-05-15 15:40:34,2026-05-15,-,17:00 | 17:15 | 17:30 | 17:45 | 18:00 | 18:15 | 18:30 | 18:45 | 19:00 | 19:15,0
2026-05-15 15:40:34,2026-05-16,-,12:00 | 17:00 | 17:15 | 17:30 | 17:45 | 18:00 | 18:15 | 18:30 | 18:45 | 19:00 | 19:15,0
2026-05-15 15:40:34,2026-05-17,-,11:30 | 17:00 | 17:15 | 17:30 | 17:45 | 18:00 | 18:15 | 18:30 | 18:45 | 19:00 | 19:15,0
2026-05-15 15:40:34,2026-05-18,-,12:00 | 17:00 | 17:15 | 17:30 | 17:45 | 18:00 | 18:15 | 18:30 | 18:45 | 19:00 | 19:15,0
2026-05-15 15:40:34,2026-05-19,-,12:00 | 17:00 | 17:15 | 17:30 | 17:45 | 18:00 | 18:15 | 18:30 | 18:45 | 19:00 | 19:15,0
2026-05-15 15:40:34,2026-05-22,-,12:00,0
2026-05-15 15:40:34,2026-05-23,-,12:00 | 17:00 | 17:15 | 17:30 | 17:45 | 18:00 | 18:15 | 18:30 | 18:45 | 19:00 | 19:15,0
2026-05-15 15:40:34,2026-05-24,17:00,11:30 | 17:15 | 17:30 | 17:45 | 18:00 | 18:15 | 18:30 | 18:45 | 19:00 | 19:15,1
2026-05-15 16:30:49,2026-05-15,-,17:00 | 17:15 | 17:30 | 17:45 | 18:00 | 18:15 | 18:30 | 18:45 | 19:00 | 19:15,0
2026-05-15 16:30:49,2026-05-16,-,12:00 | 17:00 | 17:15 | 17:30 | 17:45 | 18:00 | 18:15 | 18:30 | 18:45 | 19:00 | 19:15,0
2026-05-15 16:30:49,2026-05-17,-,11:30 | 17:00 | 17:15 | 17:30 | 17:45 | 18:00 | 18:15 | 18:30 | 18:45 | 19:00 | 19:15,0
2026-05-15 16:30:49,2026-05-18,-,12:00 | 17:00 | 17:15 | 17:30 | 17:45 | 18:00 | 18:15 | 18:30 | 18:45 | 19:00 | 19:15,0
2026-05-15 16:30:49,2026-05-19,-,12:00 | 17:00 | 17:15 | 17:30 | 17:45 | 18:00 | 18:15 | 18:30 | 18:45 | 19:00 | 19:15,0
2026-05-15 16:30:49,2026-05-22,-,12:00,0
2026-05-15 16:30:49,2026-05-23,-,12:00 | 17:00 | 17:15 | 17:30 | 17:45 | 18:00 | 18:15 | 18:30 | 18:45 | 19:00 | 19:15,0
2026-05-15 16:30:49,2026-05-24,17:00,11:30 | 17:15 | 17:30 | 17:45 | 18:00 | 18:15 | 18:30 | 18:45 | 19:00 | 19:15,1
2026-05-15 16:32:11,2026-05-15,-,17:00 | 17:15 | 17:30 | 17:45 | 18:00 | 18:15 | 18:30 | 18:45 | 19:00 | 19:15,0
2026-05-15 16:32:11,2026-05-16,-,12:00 | 17:00 | 17:15 | 17:30 | 17:45 | 18:00 | 18:15 | 18:30 | 18:45 | 19:00 | 19:15,0
2026-05-15 16:32:11,2026-05-17,-,11:30 | 17:00 | 17:15 | 17:30 | 17:45 | 18:00 | 18:15 | 18:30 | 18:45 | 19:00 | 19:15,0
2026-05-15 16:32:11,2026-05-18,-,12:00 | 17:00 | 17:15 | 17:30 | 17:45 | 18:00 | 18:15 | 18:30 | 18:45 | 19:00 | 19:15,0
2026-05-15 16:32:11,2026-05-19,-,12:00 | 17:00 | 17:15 | 17:30 | 17:45 | 18:00 | 18:15 | 18:30 | 18:45 | 19:00 | 19:15,0
2026-05-15 16:32:11,2026-05-22,-,12:00,0
2026-05-15 16:32:11,2026-05-23,-,12:00 | 17:00 | 17:15 | 17:30 | 17:45 | 18:00 | 18:15 | 18:30 | 18:45 | 19:00 | 19:15,0
2026-05-15 16:32:11,2026-05-24,17:00,11:30 | 17:15 | 17:30 | 17:45 | 18:00 | 18:15 | 18:30 | 18:45 | 19:00 | 19:15,1
2026-05-16 14:48:42,2026-05-16,-,17:00 | 17:15 | 17:30 | 17:45 | 18:00 | 18:15 | 18:30 | 18:45 | 19:00 | 19:15,0
2026-05-16 14:48:42,2026-05-17,-,11:30 | 17:00 | 17:15 | 17:30 | 17:45 | 18:00 | 18:15 | 18:30 | 18:45 | 19:00 | 19:15,0
2026-05-16 14:48:42,2026-05-18,-,12:00 | 17:00 | 17:15 | 17:30 | 17:45 | 18:00 | 18:15 | 18:30 | 18:45 | 19:00 | 19:15,0
2026-05-16 14:48:42,2026-05-19,-,12:00 | 17:00 | 17:15 | 17:30 | 17:45 | 18:00 | 18:15 | 18:30 | 18:45 | 19:00 | 19:15,0
2026-05-16 14:48:42,2026-05-22,-,12:00,0
2026-05-16 14:48:42,2026-05-23,-,12:00 | 17:00 | 17:15 | 17:30 | 17:45 | 18:00 | 18:15 | 18:30 | 18:45 | 19:00 | 19:15,0
2026-05-16 14:48:42,2026-05-24,17:00,11:30 | 17:15 | 17:30 | 17:45 | 18:00 | 18:15 | 18:30 | 18:45 | 19:00 | 19:15,1
2026-05-16 14:48:42,2026-05-25,17:00 | 19:15,12:00 | 17:15 | 17:30 | 17:45 | 18:00 | 18:15 | 18:30 | 18:45 | 19:00,2
2026-05-16 15:06:35,2026-05-16,-,17:00 | 17:15 | 17:30 | 17:45 | 18:00 | 18:15 | 18:30 | 18:45 | 19:00 | 19:15,0
2026-05-16 15:06:35,2026-05-17,-,11:30 | 17:00 | 17:15 | 17:30 | 17:45 | 18:00 | 18:15 | 18:30 | 18:45 | 19:00 | 19:15,0
2026-05-16 15:06:35,2026-05-18,-,12:00 | 17:00 | 17:15 | 17:30 | 17:45 | 18:00 | 18:15 | 18:30 | 18:45 | 19:00 | 19:15,0
2026-05-16 15:06:35,2026-05-19,-,12:00 | 17:00 | 17:15 | 17:30 | 17:45 | 18:00 | 18:15 | 18:30 | 18:45 | 19:00 | 19:15,0
2026-05-16 15:06:35,2026-05-22,-,12:00,0
2026-05-16 15:06:35,2026-05-23,-,12:00 | 17:00 | 17:15 | 17:30 | 17:45 | 18:00 | 18:15 | 18:30 | 18:45 | 19:00 | 19:15,0
2026-05-16 15:06:35,2026-05-24,17:00,11:30 | 17:15 | 17:30 | 17:45 | 18:00 | 18:15 | 18:30 | 18:45 | 19:00 | 19:15,1
2026-05-16 15:06:35,2026-05-25,17:00 | 19:15,12:00 | 17:15 | 17:30 | 17:45 | 18:00 | 18:15 | 18:30 | 18:45 | 19:00,2
2026-05-16 15:29:38,2026-05-16,-,17:00 | 17:15 | 17:30 | 17:45 | 18:00 | 18:15 | 18:30 | 18:45 | 19:00 | 19:15,0
2026-05-16 15:29:38,2026-05-17,-,11:30 | 17:00 | 17:15 | 17:30 | 17:45 | 18:00 | 18:15 | 18:30 | 18:45 | 19:00 | 19:15,0
2026-05-16 15:29:38,2026-05-18,-,12:00 | 17:00 | 17:15 | 17:30 | 17:45 | 18:00 | 18:15 | 18:30 | 18:45 | 19:00 | 19:15,0
2026-05-16 15:29:38,2026-05-19,-,12:00 | 17:00 | 17:15 | 17:30 | 17:45 | 18:00 | 18:15 | 18:30 | 18:45 | 19:00 | 19:15,0
2026-05-16 15:29:38,2026-05-22,-,12:00,0
2026-05-16 15:29:38,2026-05-23,-,12:00 | 17:00 | 17:15 | 17:30 | 17:45 | 18:00 | 18:15 | 18:30 | 18:45 | 19:00 | 19:15,0
2026-05-16 15:29:38,2026-05-24,17:00,11:30 | 17:15 | 17:30 | 17:45 | 18:00 | 18:15 | 18:30 | 18:45 | 19:00 | 19:15,1
2026-05-16 15:29:38,2026-05-25,17:00 | 19:15,12:00 | 17:15 | 17:30 | 17:45 | 18:00 | 18:15 | 18:30 | 18:45 | 19:00,2
2026-05-16 15:32:21,2026-05-16,-,17:00 | 17:15 | 17:30 | 17:45 | 18:00 | 18:15 | 18:30 | 18:45 | 19:00 | 19:15,0
2026-05-16 15:32:21,2026-05-17,-,11:30 | 17:00 | 17:15 | 17:30 | 17:45 | 18:00 | 18:15 | 18:30 | 18:45 | 19:00 | 19:15,0
2026-05-16 15:32:21,2026-05-18,-,12:00 | 17:00 | 17:15 | 17:30 | 17:45 | 18:00 | 18:15 | 18:30 | 18:45 | 19:00 | 19:15,0
2026-05-16 15:32:21,2026-05-19,-,12:00 | 17:00 | 17:15 | 17:30 | 17:45 | 18:00 | 18:15 | 18:30 | 18:45 | 19:00 | 19:15,0
2026-05-16 15:32:21,2026-05-22,-,12:00,0
2026-05-16 15:32:21,2026-05-23,-,12:00 | 17:00 | 17:15 | 17:30 | 17:45 | 18:00 | 18:15 | 18:30 | 18:45 | 19:00 | 19:15,0
2026-05-16 15:32:21,2026-05-24,17:00,11:30 | 17:15 | 17:30 | 17:45 | 18:00 | 18:15 | 18:30 | 18:45 | 19:00 | 19:15,1
2026-05-16 15:32:21,2026-05-25,17:00 | 19:15,12:00 | 17:15 | 17:30 | 17:45 | 18:00 | 18:15 | 18:30 | 18:45 | 19:00,2
2026-05-17 15:16:49,2026-05-17,-,17:00 | 17:15 | 17:30 | 17:45 | 18:00 | 18:15 | 18:30 | 18:45 | 19:00 | 19:15,0
2026-05-17 15:16:49,2026-05-18,-,12:00 | 17:00 | 17:15 | 17:30 | 17:45 | 18:00 | 18:15 | 18:30 | 18:45 | 19:00 | 19:15,0
2026-05-17 15:16:49,2026-05-19,-,12:00 | 17:00 | 17:15 | 17:30 | 17:45 | 18:00 | 18:15 | 18:30 | 18:45 | 19:00 | 19:15,0
2026-05-17 15:16:49,2026-05-22,-,12:00,0
2026-05-17 15:16:49,2026-05-23,-,12:00 | 17:00 | 17:15 | 17:30 | 17:45 | 18:00 | 18:15 | 18:30 | 18:45 | 19:00 | 19:15,0
2026-05-17 15:16:49,2026-05-24,17:00,11:30 | 17:15 | 17:30 | 17:45 | 18:00 | 18:15 | 18:30 | 18:45 | 19:00 | 19:15,1
2026-05-17 15:16:49,2026-05-25,17:00 | 19:15,12:00 | 17:15 | 17:30 | 17:45 | 18:00 | 18:15 | 18:30 | 18:45 | 19:00,2
2026-05-17 15:16:49,2026-05-26,17:00,12:00 | 17:15 | 17:30 | 17:45 | 18:00 | 18:15 | 18:30 | 18:45 | 19:00 | 19:15,1
2026-05-17 15:29:31,2026-05-17,-,17:00 | 17:15 | 17:30 | 17:45 | 18:00 | 18:15 | 18:30 | 18:45 | 19:00 | 19:15,0
2026-05-17 15:29:31,2026-05-18,-,12:00 | 17:00 | 17:15 | 17:30 | 17:45 | 18:00 | 18:15 | 18:30 | 18:45 | 19:00 | 19:15,0
2026-05-17 15:29:31,2026-05-19,-,12:00 | 17:00 | 17:15 | 17:30 | 17:45 | 18:00 | 18:15 | 18:30 | 18:45 | 19:00 | 19:15,0
2026-05-17 15:29:31,2026-05-22,-,12:00,0
2026-05-17 15:29:31,2026-05-23,-,12:00 | 17:00 | 17:15 | 17:30 | 17:45 | 18:00 | 18:15 | 18:30 | 18:45 | 19:00 | 19:15,0
2026-05-17 15:29:31,2026-05-24,17:00,11:30 | 17:15 | 17:30 | 17:45 | 18:00 | 18:15 | 18:30 | 18:45 | 19:00 | 19:15,1
2026-05-17 15:29:31,2026-05-25,17:00 | 19:15,12:00 | 17:15 | 17:30 | 17:45 | 18:00 | 18:15 | 18:30 | 18:45 | 19:00,2
2026-05-17 15:29:31,2026-05-26,17:00,12:00 | 17:15 | 17:30 | 17:45 | 18:00 | 18:15 | 18:30 | 18:45 | 19:00 | 19:15,1
2026-05-17 15:49:59,2026-05-17,-,17:00 | 17:15 | 17:30 | 17:45 | 18:00 | 18:15 | 18:30 | 18:45 | 19:00 | 19:15,0
2026-05-17 15:49:59,2026-05-18,-,12:00 | 17:00 | 17:15 | 17:30 | 17:45 | 18:00 | 18:15 | 18:30 | 18:45 | 19:00 | 19:15,0
2026-05-17 15:49:59,2026-05-19,-,12:00 | 17:00 | 17:15 | 17:30 | 17:45 | 18:00 | 18:15 | 18:30 | 18:45 | 19:00 | 19:15,0
2026-05-17 15:49:59,2026-05-22,-,12:00,0
2026-05-17 15:49:59,2026-05-23,-,12:00 | 17:00 | 17:15 | 17:30 | 17:45 | 18:00 | 18:15 | 18:30 | 18:45 | 19:00 | 19:15,0
2026-05-17 15:49:59,2026-05-24,17:00,11:30 | 17:15 | 17:30 | 17:45 | 18:00 | 18:15 | 18:30 | 18:45 | 19:00 | 19:15,1
2026-05-17 15:49:59,2026-05-25,17:00 | 19:15,12:00 | 17:15 | 17:30 | 17:45 | 18:00 | 18:15 | 18:30 | 18:45 | 19:00,2
2026-05-17 15:49:59,2026-05-26,17:00,12:00 | 17:15 | 17:30 | 17:45 | 18:00 | 18:15 | 18:30 | 18:45 | 19:00 | 19:15,1
2026-05-17 15:50:49,2026-05-17,-,17:00 | 17:15 | 17:30 | 17:45 | 18:00 | 18:15 | 18:30 | 18:45 | 19:00 | 19:15,0
2026-05-17 15:50:49,2026-05-18,-,12:00 | 17:00 | 17:15 | 17:30 | 17:45 | 18:00 | 18:15 | 18:30 | 18:45 | 19:00 | 19:15,0
2026-05-17 15:50:49,2026-05-19,-,12:00 | 17:00 | 17:15 | 17:30 | 17:45 | 18:00 | 18:15 | 18:30 | 18:45 | 19:00 | 19:15,0
2026-05-17 15:50:49,2026-05-22,-,12:00,0
2026-05-17 15:50:49,2026-05-23,-,12:00 | 17:00 | 17:15 | 17:30 | 17:45 | 18:00 | 18:15 | 18:30 | 18:45 | 19:00 | 19:15,0
2026-05-17 15:50:49,2026-05-24,17:00,11:30 | 17:15 | 17:30 | 17:45 | 18:00 | 18:15 | 18:30 | 18:45 | 19:00 | 19:15,1
2026-05-17 15:50:49,2026-05-25,17:00 | 19:15,12:00 | 17:15 | 17:30 | 17:45 | 18:00 | 18:15 | 18:30 | 18:45 | 19:00,2
2026-05-17 15:50:49,2026-05-26,17:00,12:00 | 17:15 | 17:30 | 17:45 | 18:00 | 18:15 | 18:30 | 18:45 | 19:00 | 19:15,1
2026-05-18 15:51:10,2026-05-18,-,17:00 | 17:15 | 17:30 | 17:45 | 18:00 | 18:15 | 18:30 | 18:45 | 19:00 | 19:15,0
2026-05-18 15:51:10,2026-05-19,-,12:00 | 17:00 | 17:15 | 17:30 | 17:45 | 18:00 | 18:15 | 18:30 | 18:45 | 19:00 | 19:15,0
2026-05-18 15:51:10,2026-05-22,-,12:00,0
2026-05-18 15:51:10,2026-05-23,-,12:00 | 17:00 | 17:15 | 17:30 | 17:45 | 18:00 | 18:15 | 18:30 | 18:45 | 19:00 | 19:15,0
2026-05-18 15:51:10,2026-05-24,17:00,11:30 | 17:15 | 17:30 | 17:45 | 18:00 | 18:15 | 18:30 | 18:45 | 19:00 | 19:15,1
2026-05-18 15:51:10,2026-05-25,17:00 | 19:15,12:00 | 17:15 | 17:30 | 17:45 | 18:00 | 18:15 | 18:30 | 18:45 | 19:00,2
2026-05-18 15:51:10,2026-05-26,-,12:00 | 17:00 | 17:15 | 17:30 | 17:45 | 18:00 | 18:15 | 18:30 | 18:45 | 19:00 | 19:15,0
2026-05-18 16:04:19,2026-05-18,-,17:00 | 17:15 | 17:30 | 17:45 | 18:00 | 18:15 | 18:30 | 18:45 | 19:00 | 19:15,0
2026-05-18 16:04:19,2026-05-19,-,12:00 | 17:00 | 17:15 | 17:30 | 17:45 | 18:00 | 18:15 | 18:30 | 18:45 | 19:00 | 19:15,0
2026-05-18 16:04:19,2026-05-22,-,12:00,0
2026-05-18 16:04:19,2026-05-23,-,12:00 | 17:00 | 17:15 | 17:30 | 17:45 | 18:00 | 18:15 | 18:30 | 18:45 | 19:00 | 19:15,0
2026-05-18 16:04:19,2026-05-24,17:00,11:30 | 17:15 | 17:30 | 17:45 | 18:00 | 18:15 | 18:30 | 18:45 | 19:00 | 19:15,1
2026-05-18 16:04:19,2026-05-25,17:00 | 19:15,12:00 | 17:15 | 17:30 | 17:45 | 18:00 | 18:15 | 18:30 | 18:45 | 19:00,2
2026-05-18 16:04:19,2026-05-26,-,12:00 | 17:00 | 17:15 | 17:30 | 17:45 | 18:00 | 18:15 | 18:30 | 18:45 | 19:00 | 19:15,0
2026-05-18 17:12:44,2026-05-18,-,17:30 | 17:45 | 18:00 | 18:15 | 18:30 | 18:45 | 19:00 | 19:15,0
2026-05-18 17:12:44,2026-05-19,-,12:00 | 17:00 | 17:15 | 17:30 | 17:45 | 18:00 | 18:15 | 18:30 | 18:45 | 19:00 | 19:15,0
2026-05-18 17:12:44,2026-05-22,-,12:00,0
2026-05-18 17:12:44,2026-05-23,-,12:00 | 17:00 | 17:15 | 17:30 | 17:45 | 18:00 | 18:15 | 18:30 | 18:45 | 19:00 | 19:15,0
2026-05-18 17:12:44,2026-05-24,17:00,11:30 | 17:15 | 17:30 | 17:45 | 18:00 | 18:15 | 18:30 | 18:45 | 19:00 | 19:15,1
2026-05-18 17:12:44,2026-05-25,17:00 | 19:15,12:00 | 17:15 | 17:30 | 17:45 | 18:00 | 18:15 | 18:30 | 18:45 | 19:00,2
2026-05-18 17:12:44,2026-05-26,-,12:00 | 17:00 | 17:15 | 17:30 | 17:45 | 18:00 | 18:15 | 18:30 | 18:45 | 19:00 | 19:15,0
2026-05-18 17:14:46,2026-05-18,-,17:30 | 17:45 | 18:00 | 18:15 | 18:30 | 18:45 | 19:00 | 19:15,0
2026-05-18 17:14:46,2026-05-19,-,12:00 | 17:00 | 17:15 | 17:30 | 17:45 | 18:00 | 18:15 | 18:30 | 18:45 | 19:00 | 19:15,0
2026-05-18 17:14:46,2026-05-22,-,12:00,0
2026-05-18 17:14:46,2026-05-23,-,12:00 | 17:00 | 17:15 | 17:30 | 17:45 | 18:00 | 18:15 | 18:30 | 18:45 | 19:00 | 19:15,0
2026-05-18 17:14:46,2026-05-24,17:00,11:30 | 17:15 | 17:30 | 17:45 | 18:00 | 18:15 | 18:30 | 18:45 | 19:00 | 19:15,1
2026-05-18 17:14:46,2026-05-25,17:00 | 19:15,12:00 | 17:15 | 17:30 | 17:45 | 18:00 | 18:15 | 18:30 | 18:45 | 19:00,2
2026-05-18 17:14:46,2026-05-26,-,12:00 | 17:00 | 17:15 | 17:30 | 17:45 | 18:00 | 18:15 | 18:30 | 18:45 | 19:00 | 19:15,0
2026-05-19 15:43:37,2026-05-19,-,17:00 | 17:15 | 17:30 | 17:45 | 18:00 | 18:15 | 18:30 | 18:45 | 19:00 | 19:15,0
2026-05-19 15:43:37,2026-05-22,-,12:00,0
2026-05-19 15:43:37,2026-05-23,-,12:00 | 17:00 | 17:15 | 17:30 | 17:45 | 18:00 | 18:15 | 18:30 | 18:45 | 19:00 | 19:15,0
2026-05-19 15:43:37,2026-05-24,17:00,11:30 | 17:15 | 17:30 | 17:45 | 18:00 | 18:15 | 18:30 | 18:45 | 19:00 | 19:15,1
2026-05-19 15:43:37,2026-05-25,17:00,12:00 | 17:15 | 17:30 | 17:45 | 18:00 | 18:15 | 18:30 | 18:45 | 19:00 | 19:15,1
2026-05-19 15:43:37,2026-05-26,-,12:00 | 17:00 | 17:15 | 17:30 | 17:45 | 18:00 | 18:15 | 18:30 | 18:45 | 19:00 | 19:15,0
2026-05-19 15:43:37,2026-05-28,17:00,12:00 | 17:15 | 17:30 | 17:45 | 18:00 | 18:15 | 18:30 | 18:45 | 19:00 | 19:15,1
2026-05-19 15:55:51,2026-05-19,-,17:00 | 17:15 | 17:30 | 17:45 | 18:00 | 18:15 | 18:30 | 18:45 | 19:00 | 19:15,0
2026-05-19 15:55:51,2026-05-22,-,12:00,0
2026-05-19 15:55:51,2026-05-23,-,12:00 | 17:00 | 17:15 | 17:30 | 17:45 | 18:00 | 18:15 | 18:30 | 18:45 | 19:00 | 19:15,0
2026-05-19 15:55:51,2026-05-24,17:00,11:30 | 17:15 | 17:30 | 17:45 | 18:00 | 18:15 | 18:30 | 18:45 | 19:00 | 19:15,1
2026-05-19 15:55:51,2026-05-25,17:00,12:00 | 17:15 | 17:30 | 17:45 | 18:00 | 18:15 | 18:30 | 18:45 | 19:00 | 19:15,1
2026-05-19 15:55:51,2026-05-26,-,12:00 | 17:00 | 17:15 | 17:30 | 17:45 | 18:00 | 18:15 | 18:30 | 18:45 | 19:00 | 19:15,0
2026-05-19 15:55:51,2026-05-28,17:00,12:00 | 17:15 | 17:30 | 17:45 | 18:00 | 18:15 | 18:30 | 18:45 | 19:00 | 19:15,1
2026-05-19 16:54:20,2026-05-19,-,17:15 | 17:30 | 17:45 | 18:00 | 18:15 | 18:30 | 18:45 | 19:00 | 19:15,0
2026-05-19 16:54:20,2026-05-22,-,12:00,0
2026-05-19 16:54:20,2026-05-23,-,12:00 | 17:00 | 17:15 | 17:30 | 17:45 | 18:00 | 18:15 | 18:30 | 18:45 | 19:00 | 19:15,0
2026-05-19 16:54:20,2026-05-24,17:00,11:30 | 17:15 | 17:30 | 17:45 | 18:00 | 18:15 | 18:30 | 18:45 | 19:00 | 19:15,1
2026-05-19 16:54:20,2026-05-25,17:00,12:00 | 17:15 | 17:30 | 17:45 | 18:00 | 18:15 | 18:30 | 18:45 | 19:00 | 19:15,1
2026-05-19 16:54:20,2026-05-26,-,12:00 | 17:00 | 17:15 | 17:30 | 17:45 | 18:00 | 18:15 | 18:30 | 18:45 | 19:00 | 19:15,0
2026-05-19 16:54:20,2026-05-28,17:00,12:00 | 17:15 | 17:30 | 17:45 | 18:00 | 18:15 | 18:30 | 18:45 | 19:00 | 19:15,1
2026-05-19 16:55:45,2026-05-19,-,17:15 | 17:30 | 17:45 | 18:00 | 18:15 | 18:30 | 18:45 | 19:00 | 19:15,0
2026-05-19 16:55:45,2026-05-22,-,12:00,0
2026-05-19 16:55:45,2026-05-23,-,12:00 | 17:00 | 17:15 | 17:30 | 17:45 | 18:00 | 18:15 | 18:30 | 18:45 | 19:00 | 19:15,0
2026-05-19 16:55:45,2026-05-24,17:00,11:30 | 17:15 | 17:30 | 17:45 | 18:00 | 18:15 | 18:30 | 18:45 | 19:00 | 19:15,1
2026-05-19 16:55:45,2026-05-25,17:00,12:00 | 17:15 | 17:30 | 17:45 | 18:00 | 18:15 | 18:30 | 18:45 | 19:00 | 19:15,1
2026-05-19 16:55:45,2026-05-26,-,12:00 | 17:00 | 17:15 | 17:30 | 17:45 | 18:00 | 18:15 | 18:30 | 18:45 | 19:00 | 19:15,0
2026-05-19 16:55:45,2026-05-28,17:00,12:00 | 17:15 | 17:30 | 17:45 | 18:00 | 18:15 | 18:30 | 18:45 | 19:00 | 19:15,1
2026-05-20 15:43:45,2026-05-22,-,12:00,0
2026-05-20 15:43:45,2026-05-23,-,12:00 | 17:00 | 17:15 | 17:30 | 17:45 | 18:00 | 18:15 | 18:30 | 18:45 | 19:00 | 19:15,0
2026-05-20 15:43:45,2026-05-24,17:00,11:30 | 17:15 | 17:30 | 17:45 | 18:00 | 18:15 | 18:30 | 18:45 | 19:00 | 19:15,1
2026-05-20 15:43:45,2026-05-25,-,12:00 | 17:00 | 17:15 | 17:30 | 17:45 | 18:00 | 18:15 | 18:30 | 18:45 | 19:00 | 19:15,0
2026-05-20 15:43:45,2026-05-26,-,12:00 | 17:00 | 17:15 | 17:30 | 17:45 | 18:00 | 18:15 | 18:30 | 18:45 | 19:00 | 19:15,0
2026-05-20 15:43:45,2026-05-28,17:00,12:00 | 17:15 | 17:30 | 17:45 | 18:00 | 18:15 | 18:30 | 18:45 | 19:00 | 19:15,1
2026-05-20 15:43:45,2026-05-29,-,12:00 | 17:00 | 17:15 | 17:30 | 17:45 | 18:00 | 18:15 | 18:30 | 18:45 | 19:00 | 19:15,0
2026-05-20 15:55:44,2026-05-22,-,12:00,0
2026-05-20 15:55:44,2026-05-23,-,12:00 | 17:00 | 17:15 | 17:30 | 17:45 | 18:00 | 18:15 | 18:30 | 18:45 | 19:00 | 19:15,0
2026-05-20 15:55:44,2026-05-24,17:00,11:30 | 17:15 | 17:30 | 17:45 | 18:00 | 18:15 | 18:30 | 18:45 | 19:00 | 19:15,1
2026-05-20 15:55:44,2026-05-25,-,12:00 | 17:00 | 17:15 | 17:30 | 17:45 | 18:00 | 18:15 | 18:30 | 18:45 | 19:00 | 19:15,0
2026-05-20 15:55:44,2026-05-26,-,12:00 | 17:00 | 17:15 | 17:30 | 17:45 | 18:00 | 18:15 | 18:30 | 18:45 | 19:00 | 19:15,0
2026-05-20 15:55:44,2026-05-28,17:00,12:00 | 17:15 | 17:30 | 17:45 | 18:00 | 18:15 | 18:30 | 18:45 | 19:00 | 19:15,1
2026-05-20 15:55:44,2026-05-29,-,12:00 | 17:00 | 17:15 | 17:30 | 17:45 | 18:00 | 18:15 | 18:30 | 18:45 | 19:00 | 19:15,0
<<<<<<< Updated upstream
2026-05-20 16:55:02,2026-05-22,-,12:00,0
2026-05-20 16:55:02,2026-05-23,-,12:00 | 17:00 | 17:15 | 17:30 | 17:45 | 18:00 | 18:15 | 18:30 | 18:45 | 19:00 | 19:15,0
2026-05-20 16:55:02,2026-05-24,17:00,11:30 | 17:15 | 17:30 | 17:45 | 18:00 | 18:15 | 18:30 | 18:45 | 19:00 | 19:15,1
2026-05-20 16:55:02,2026-05-25,-,12:00 | 17:00 | 17:15 | 17:30 | 17:45 | 18:00 | 18:15 | 18:30 | 18:45 | 19:00 | 19:15,0
2026-05-20 16:55:02,2026-05-26,-,12:00 | 17:00 | 17:15 | 17:30 | 17:45 | 18:00 | 18:15 | 18:30 | 18:45 | 19:00 | 19:15,0
2026-05-20 16:55:02,2026-05-28,17:00,12:00 | 17:15 | 17:30 | 17:45 | 18:00 | 18:15 | 18:30 | 18:45 | 19:00 | 19:15,1
2026-05-20 16:55:02,2026-05-29,-,12:00 | 17:00 | 17:15 | 17:30 | 17:45 | 18:00 | 18:15 | 18:30 | 18:45 | 19:00 | 19:15,0
=======
2026-05-20 16:57:46,2026-05-22,-,12:00,0
2026-05-20 16:57:46,2026-05-23,-,12:00 | 17:00 | 17:15 | 17:30 | 17:45 | 18:00 | 18:15 | 18:30 | 18:45 | 19:00 | 19:15,0
2026-05-20 16:57:46,2026-05-24,17:00,11:30 | 17:15 | 17:30 | 17:45 | 18:00 | 18:15 | 18:30 | 18:45 | 19:00 | 19:15,1
2026-05-20 16:57:46,2026-05-25,-,12:00 | 17:00 | 17:15 | 17:30 | 17:45 | 18:00 | 18:15 | 18:30 | 18:45 | 19:00 | 19:15,0
2026-05-20 16:57:46,2026-05-26,-,12:00 | 17:00 | 17:15 | 17:30 | 17:45 | 18:00 | 18:15 | 18:30 | 18:45 | 19:00 | 19:15,0
2026-05-20 16:57:46,2026-05-28,17:00,12:00 | 17:15 | 17:30 | 17:45 | 18:00 | 18:15 | 18:30 | 18:45 | 19:00 | 19:15,1
2026-05-20 16:57:46,2026-05-29,-,12:00 | 17:00 | 17:15 | 17:30 | 17:45 | 18:00 | 18:15 | 18:30 | 18:45 | 19:00 | 19:15,0
>>>>>>> Stashed changes
2026-05-21 15:48:13,2026-05-22,-,12:00,0
2026-05-21 15:48:13,2026-05-23,-,12:00 | 17:00 | 17:15 | 17:30 | 17:45 | 18:00 | 18:15 | 18:30 | 18:45 | 19:00 | 19:15,0
2026-05-21 15:48:13,2026-05-24,-,11:30 | 17:00 | 17:15 | 17:30 | 17:45 | 18:00 | 18:15 | 18:30 | 18:45 | 19:00 | 19:15,0
2026-05-21 15:48:13,2026-05-25,-,12:00 | 17:00 | 17:15 | 17:30 | 17:45 | 18:00 | 18:15 | 18:30 | 18:45 | 19:00 | 19:15,0
2026-05-21 15:48:13,2026-05-26,-,12:00 | 17:00 | 17:15 | 17:30 | 17:45 | 18:00 | 18:15 | 18:30 | 18:45 | 19:00 | 19:15,0
2026-05-21 15:48:13,2026-05-28,17:00,12:00 | 17:15 | 17:30 | 17:45 | 18:00 | 18:15 | 18:30 | 18:45 | 19:00 | 19:15,1
2026-05-21 15:48:13,2026-05-29,-,12:00 | 17:00 | 17:15 | 17:30 | 17:45 | 18:00 | 18:15 | 18:30 | 18:45 | 19:00 | 19:15,0
2026-05-21 15:48:13,2026-05-30,-,12:00 | 17:00 | 17:15 | 17:30 | 17:45 | 18:00 | 18:15 | 18:30 | 18:45 | 19:00 | 19:15,0
2026-05-21 16:00:06,2026-05-22,-,12:00,0
2026-05-21 16:00:06,2026-05-23,-,12:00 | 17:00 | 17:15 | 17:30 | 17:45 | 18:00 | 18:15 | 18:30 | 18:45 | 19:00 | 19:15,0
2026-05-21 16:00:06,2026-05-24,-,11:30 | 17:00 | 17:15 | 17:30 | 17:45 | 18:00 | 18:15 | 18:30 | 18:45 | 19:00 | 19:15,0
2026-05-21 16:00:06,2026-05-25,-,12:00 | 17:00 | 17:15 | 17:30 | 17:45 | 18:00 | 18:15 | 18:30 | 18:45 | 19:00 | 19:15,0
2026-05-21 16:00:06,2026-05-26,-,12:00 | 17:00 | 17:15 | 17:30 | 17:45 | 18:00 | 18:15 | 18:30 | 18:45 | 19:00 | 19:15,0
2026-05-21 16:00:06,2026-05-28,17:00,12:00 | 17:15 | 17:30 | 17:45 | 18:00 | 18:15 | 18:30 | 18:45 | 19:00 | 19:15,1
2026-05-21 16:00:06,2026-05-29,-,12:00 | 17:00 | 17:15 | 17:30 | 17:45 | 18:00 | 18:15 | 18:30 | 18:45 | 19:00 | 19:15,0
2026-05-21 16:00:06,2026-05-30,-,12:00 | 17:00 | 17:15 | 17:30 | 17:45 | 18:00 | 18:15 | 18:30 | 18:45 | 19:00 | 19:15,0
2026-05-21 17:01:00,2026-05-22,-,12:00,0
2026-05-21 17:01:00,2026-05-23,-,12:00 | 17:00 | 17:15 | 17:30 | 17:45 | 18:00 | 18:15 | 18:30 | 18:45 | 19:00 | 19:15,0
2026-05-21 17:01:00,2026-05-24,-,11:30 | 17:00 | 17:15 | 17:30 | 17:45 | 18:00 | 18:15 | 18:30 | 18:45 | 19:00 | 19:15,0
2026-05-21 17:01:00,2026-05-25,-,12:00 | 17:00 | 17:15 | 17:30 | 17:45 | 18:00 | 18:15 | 18:30 | 18:45 | 19:00 | 19:15,0
2026-05-21 17:01:00,2026-05-26,-,12:00 | 17:00 | 17:15 | 17:30 | 17:45 | 18:00 | 18:15 | 18:30 | 18:45 | 19:00 | 19:15,0
2026-05-21 17:01:00,2026-05-28,17:00,12:00 | 17:15 | 17:30 | 17:45 | 18:00 | 18:15 | 18:30 | 18:45 | 19:00 | 19:15,1
2026-05-21 17:01:00,2026-05-29,-,12:00 | 17:00 | 17:15 | 17:30 | 17:45 | 18:00 | 18:15 | 18:30 | 18:45 | 19:00 | 19:15,0
2026-05-21 17:01:00,2026-05-30,-,12:00 | 17:00 | 17:15 | 17:30 | 17:45 | 18:00 | 18:15 | 18:30 | 18:45 | 19:00 | 19:15,0
2026-05-21 17:02:53,2026-05-22,-,12:00,0
2026-05-21 17:02:53,2026-05-23,-,12:00 | 17:00 | 17:15 | 17:30 | 17:45 | 18:00 | 18:15 | 18:30 | 18:45 | 19:00 | 19:15,0
2026-05-21 17:02:53,2026-05-24,-,11:30 | 17:00 | 17:15 | 17:30 | 17:45 | 18:00 | 18:15 | 18:30 | 18:45 | 19:00 | 19:15,0
2026-05-21 17:02:53,2026-05-25,-,12:00 | 17:00 | 17:15 | 17:30 | 17:45 | 18:00 | 18:15 | 18:30 | 18:45 | 19:00 | 19:15,0
2026-05-21 17:02:53,2026-05-26,-,12:00 | 17:00 | 17:15 | 17:30 | 17:45 | 18:00 | 18:15 | 18:30 | 18:45 | 19:00 | 19:15,0
2026-05-21 17:02:53,2026-05-28,17:00,12:00 | 17:15 | 17:30 | 17:45 | 18:00 | 18:15 | 18:30 | 18:45 | 19:00 | 19:15,1
2026-05-21 17:02:53,2026-05-29,-,12:00 | 17:00 | 17:15 | 17:30 | 17:45 | 18:00 | 18:15 | 18:30 | 18:45 | 19:00 | 19:15,0
2026-05-21 17:02:53,2026-05-30,-,12:00 | 17:00 | 17:15 | 17:30 | 17:45 | 18:00 | 18:15 | 18:30 | 18:45 | 19:00 | 19:15,0
2026-05-22 15:44:17,2026-05-23,-,12:00 | 17:00 | 17:15 | 17:30 | 17:45 | 18:00 | 18:15 | 18:30 | 18:45 | 19:00 | 19:15,0
2026-05-22 15:44:17,2026-05-24,-,11:30 | 17:00 | 17:15 | 17:30 | 17:45 | 18:00 | 18:15 | 18:30 | 18:45 | 19:00 | 19:15,0
2026-05-22 15:44:17,2026-05-25,-,12:00 | 17:00 | 17:15 | 17:30 | 17:45 | 18:00 | 18:15 | 18:30 | 18:45 | 19:00 | 19:15,0
2026-05-22 15:44:17,2026-05-26,-,12:00 | 17:00 | 17:15 | 17:30 | 17:45 | 18:00 | 18:15 | 18:30 | 18:45 | 19:00 | 19:15,0
2026-05-22 15:44:17,2026-05-28,-,12:00 | 17:00 | 17:15 | 17:30 | 17:45 | 18:00 | 18:15 | 18:30 | 18:45 | 19:00 | 19:15,0
2026-05-22 15:44:17,2026-05-29,-,12:00 | 17:00 | 17:15 | 17:30 | 17:45 | 18:00 | 18:15 | 18:30 | 18:45 | 19:00 | 19:15,0
2026-05-22 15:44:17,2026-05-30,-,12:00 | 17:00 | 17:15 | 17:30 | 17:45 | 18:00 | 18:15 | 18:30 | 18:45 | 19:00 | 19:15,0
2026-05-22 15:44:17,2026-05-31,17:00,11:30 | 17:15 | 17:30 | 17:45 | 18:00 | 18:15 | 18:30 | 18:45 | 19:00 | 19:15,1
2026-05-22 15:56:18,2026-05-23,-,12:00 | 17:00 | 17:15 | 17:30 | 17:45 | 18:00 | 18:15 | 18:30 | 18:45 | 19:00 | 19:15,0
2026-05-22 15:56:18,2026-05-24,-,11:30 | 17:00 | 17:15 | 17:30 | 17:45 | 18:00 | 18:15 | 18:30 | 18:45 | 19:00 | 19:15,0
2026-05-22 15:56:18,2026-05-25,-,12:00 | 17:00 | 17:15 | 17:30 | 17:45 | 18:00 | 18:15 | 18:30 | 18:45 | 19:00 | 19:15,0
2026-05-22 15:56:18,2026-05-26,-,12:00 | 17:00 | 17:15 | 17:30 | 17:45 | 18:00 | 18:15 | 18:30 | 18:45 | 19:00 | 19:15,0
2026-05-22 15:56:18,2026-05-28,-,12:00 | 17:00 | 17:15 | 17:30 | 17:45 | 18:00 | 18:15 | 18:30 | 18:45 | 19:00 | 19:15,0
2026-05-22 15:56:18,2026-05-29,-,12:00 | 17:00 | 17:15 | 17:30 | 17:45 | 18:00 | 18:15 | 18:30 | 18:45 | 19:00 | 19:15,0
2026-05-22 15:56:18,2026-05-30,-,12:00 | 17:00 | 17:15 | 17:30 | 17:45 | 18:00 | 18:15 | 18:30 | 18:45 | 19:00 | 19:15,0
2026-05-22 15:56:18,2026-05-31,17:00,11:30 | 17:15 | 17:30 | 17:45 | 18:00 | 18:15 | 18:30 | 18:45 | 19:00 | 19:15,1
2026-05-22 16:51:38,2026-05-23,-,12:00 | 17:00 | 17:15 | 17:30 | 17:45 | 18:00 | 18:15 | 18:30 | 18:45 | 19:00 | 19:15,0
2026-05-22 16:51:38,2026-05-24,-,11:30 | 17:00 | 17:15 | 17:30 | 17:45 | 18:00 | 18:15 | 18:30 | 18:45 | 19:00 | 19:15,0
2026-05-22 16:51:38,2026-05-25,-,12:00 | 17:00 | 17:15 | 17:30 | 17:45 | 18:00 | 18:15 | 18:30 | 18:45 | 19:00 | 19:15,0
2026-05-22 16:51:38,2026-05-26,-,12:00 | 17:00 | 17:15 | 17:30 | 17:45 | 18:00 | 18:15 | 18:30 | 18:45 | 19:00 | 19:15,0
2026-05-22 16:51:38,2026-05-28,-,12:00 | 17:00 | 17:15 | 17:30 | 17:45 | 18:00 | 18:15 | 18:30 | 18:45 | 19:00 | 19:15,0
2026-05-22 16:51:38,2026-05-29,-,12:00 | 17:00 | 17:15 | 17:30 | 17:45 | 18:00 | 18:15 | 18:30 | 18:45 | 19:00 | 19:15,0
2026-05-22 16:51:38,2026-05-30,-,12:00 | 17:00 | 17:15 | 17:30 | 17:45 | 18:00 | 18:15 | 18:30 | 18:45 | 19:00 | 19:15,0
2026-05-22 16:51:38,2026-05-31,17:00,11:30 | 17:15 | 17:30 | 17:45 | 18:00 | 18:15 | 18:30 | 18:45 | 19:00 | 19:15,1
2026-05-22 16:52:43,2026-05-23,-,12:00 | 17:00 | 17:15 | 17:30 | 17:45 | 18:00 | 18:15 | 18:30 | 18:45 | 19:00 | 19:15,0
2026-05-22 16:52:43,2026-05-24,-,11:30 | 17:00 | 17:15 | 17:30 | 17:45 | 18:00 | 18:15 | 18:30 | 18:45 | 19:00 | 19:15,0
2026-05-22 16:52:43,2026-05-25,-,12:00 | 17:00 | 17:15 | 17:30 | 17:45 | 18:00 | 18:15 | 18:30 | 18:45 | 19:00 | 19:15,0
2026-05-22 16:52:43,2026-05-26,-,12:00 | 17:00 | 17:15 | 17:30 | 17:45 | 18:00 | 18:15 | 18:30 | 18:45 | 19:00 | 19:15,0
2026-05-22 16:52:43,2026-05-28,-,12:00 | 17:00 | 17:15 | 17:30 | 17:45 | 18:00 | 18:15 | 18:30 | 18:45 | 19:00 | 19:15,0
2026-05-22 16:52:43,2026-05-29,-,12:00 | 17:00 | 17:15 | 17:30 | 17:45 | 18:00 | 18:15 | 18:30 | 18:45 | 19:00 | 19:15,0
2026-05-22 16:52:43,2026-05-30,-,12:00 | 17:00 | 17:15 | 17:30 | 17:45 | 18:00 | 18:15 | 18:30 | 18:45 | 19:00 | 19:15,0
2026-05-22 16:52:43,2026-05-31,17:00,11:30 | 17:15 | 17:30 | 17:45 | 18:00 | 18:15 | 18:30 | 18:45 | 19:00 | 19:15,1
2026-05-23 15:08:55,2026-05-23,-,17:00 | 17:15 | 17:30 | 17:45 | 18:00 | 18:15 | 18:30 | 18:45 | 19:00 | 19:15,0
2026-05-23 15:08:55,2026-05-24,-,11:30 | 17:00 | 17:15 | 17:30 | 17:45 | 18:00 | 18:15 | 18:30 | 18:45 | 19:00 | 19:15,0
2026-05-23 15:08:55,2026-05-25,-,12:00 | 17:00 | 17:15 | 17:30 | 17:45 | 18:00 | 18:15 | 18:30 | 18:45 | 19:00 | 19:15,0
2026-05-23 15:08:55,2026-05-26,-,12:00 | 17:00 | 17:15 | 17:30 | 17:45 | 18:00 | 18:15 | 18:30 | 18:45 | 19:00 | 19:15,0
2026-05-23 15:08:55,2026-05-28,-,12:00 | 17:00 | 17:15 | 17:30 | 17:45 | 18:00 | 18:15 | 18:30 | 18:45 | 19:00 | 19:15,0
2026-05-23 15:08:55,2026-05-29,-,12:00 | 17:00 | 17:15 | 17:30 | 17:45 | 18:00 | 18:15 | 18:30 | 18:45 | 19:00 | 19:15,0
2026-05-23 15:08:55,2026-05-30,-,12:00 | 17:00 | 17:15 | 17:30 | 17:45 | 18:00 | 18:15 | 18:30 | 18:45 | 19:00 | 19:15,0
2026-05-23 15:08:55,2026-05-31,17:00,11:30 | 17:15 | 17:30 | 17:45 | 18:00 | 18:15 | 18:30 | 18:45 | 19:00 | 19:15,1
2026-05-23 15:08:55,2026-06-01,-,12:00 | 17:00 | 17:15 | 17:30 | 17:45 | 18:00 | 18:15 | 18:30 | 18:45 | 19:00 | 19:15,0
2026-05-23 15:18:40,2026-05-23,-,17:00 | 17:15 | 17:30 | 17:45 | 18:00 | 18:15 | 18:30 | 18:45 | 19:00 | 19:15,0
2026-05-23 15:18:40,2026-05-24,-,11:30 | 17:00 | 17:15 | 17:30 | 17:45 | 18:00 | 18:15 | 18:30 | 18:45 | 19:00 | 19:15,0
2026-05-23 15:18:40,2026-05-25,-,12:00 | 17:00 | 17:15 | 17:30 | 17:45 | 18:00 | 18:15 | 18:30 | 18:45 | 19:00 | 19:15,0
2026-05-23 15:18:40,2026-05-26,-,12:00 | 17:00 | 17:15 | 17:30 | 17:45 | 18:00 | 18:15 | 18:30 | 18:45 | 19:00 | 19:15,0
2026-05-23 15:18:40,2026-05-28,-,12:00 | 17:00 | 17:15 | 17:30 | 17:45 | 18:00 | 18:15 | 18:30 | 18:45 | 19:00 | 19:15,0
2026-05-23 15:18:40,2026-05-29,-,12:00 | 17:00 | 17:15 | 17:30 | 17:45 | 18:00 | 18:15 | 18:30 | 18:45 | 19:00 | 19:15,0
2026-05-23 15:18:40,2026-05-30,-,12:00 | 17:00 | 17:15 | 17:30 | 17:45 | 18:00 | 18:15 | 18:30 | 18:45 | 19:00 | 19:15,0
2026-05-23 15:18:40,2026-05-31,17:00,11:30 | 17:15 | 17:30 | 17:45 | 18:00 | 18:15 | 18:30 | 18:45 | 19:00 | 19:15,1
2026-05-23 15:18:40,2026-06-01,-,12:00 | 17:00 | 17:15 | 17:30 | 17:45 | 18:00 | 18:15 | 18:30 | 18:45 | 19:00 | 19:15,0
2026-05-23 15:41:08,2026-05-23,-,17:00 | 17:15 | 17:30 | 17:45 | 18:00 | 18:15 | 18:30 | 18:45 | 19:00 | 19:15,0
2026-05-23 15:41:08,2026-05-24,-,11:30 | 17:00 | 17:15 | 17:30 | 17:45 | 18:00 | 18:15 | 18:30 | 18:45 | 19:00 | 19:15,0
2026-05-23 15:41:08,2026-05-25,-,12:00 | 17:00 | 17:15 | 17:30 | 17:45 | 18:00 | 18:15 | 18:30 | 18:45 | 19:00 | 19:15,0
2026-05-23 15:41:08,2026-05-26,-,12:00 | 17:00 | 17:15 | 17:30 | 17:45 | 18:00 | 18:15 | 18:30 | 18:45 | 19:00 | 19:15,0
2026-05-23 15:41:08,2026-05-28,-,12:00 | 17:00 | 17:15 | 17:30 | 17:45 | 18:00 | 18:15 | 18:30 | 18:45 | 19:00 | 19:15,0
2026-05-23 15:41:08,2026-05-29,-,12:00 | 17:00 | 17:15 | 17:30 | 17:45 | 18:00 | 18:15 | 18:30 | 18:45 | 19:00 | 19:15,0
2026-05-23 15:41:08,2026-05-30,-,12:00 | 17:00 | 17:15 | 17:30 | 17:45 | 18:00 | 18:15 | 18:30 | 18:45 | 19:00 | 19:15,0
2026-05-23 15:41:08,2026-05-31,17:00,11:30 | 17:15 | 17:30 | 17:45 | 18:00 | 18:15 | 18:30 | 18:45 | 19:00 | 19:15,1
2026-05-23 15:41:08,2026-06-01,-,12:00 | 17:00 | 17:15 | 17:30 | 17:45 | 18:00 | 18:15 | 18:30 | 18:45 | 19:00 | 19:15,0
2026-05-23 15:43:13,2026-05-23,-,17:00 | 17:15 | 17:30 | 17:45 | 18:00 | 18:15 | 18:30 | 18:45 | 19:00 | 19:15,0
2026-05-23 15:43:13,2026-05-24,-,11:30 | 17:00 | 17:15 | 17:30 | 17:45 | 18:00 | 18:15 | 18:30 | 18:45 | 19:00 | 19:15,0
2026-05-23 15:43:13,2026-05-25,-,12:00 | 17:00 | 17:15 | 17:30 | 17:45 | 18:00 | 18:15 | 18:30 | 18:45 | 19:00 | 19:15,0
2026-05-23 15:43:13,2026-05-26,-,12:00 | 17:00 | 17:15 | 17:30 | 17:45 | 18:00 | 18:15 | 18:30 | 18:45 | 19:00 | 19:15,0
2026-05-23 15:43:13,2026-05-28,-,12:00 | 17:00 | 17:15 | 17:30 | 17:45 | 18:00 | 18:15 | 18:30 | 18:45 | 19:00 | 19:15,0
2026-05-23 15:43:13,2026-05-29,-,12:00 | 17:00 | 17:15 | 17:30 | 17:45 | 18:00 | 18:15 | 18:30 | 18:45 | 19:00 | 19:15,0
2026-05-23 15:43:13,2026-05-30,-,12:00 | 17:00 | 17:15 | 17:30 | 17:45 | 18:00 | 18:15 | 18:30 | 18:45 | 19:00 | 19:15,0
2026-05-23 15:43:13,2026-05-31,17:00,11:30 | 17:15 | 17:30 | 17:45 | 18:00 | 18:15 | 18:30 | 18:45 | 19:00 | 19:15,1
2026-05-23 15:43:13,2026-06-01,-,12:00 | 17:00 | 17:15 | 17:30 | 17:45 | 18:00 | 18:15 | 18:30 | 18:45 | 19:00 | 19:15,0
2026-05-24 15:32:00,2026-05-24,-,17:00 | 17:15 | 17:30 | 17:45 | 18:00 | 18:15 | 18:30 | 18:45 | 19:00 | 19:15,0
2026-05-24 15:32:00,2026-05-25,-,12:00 | 17:00 | 17:15 | 17:30 | 17:45 | 18:00 | 18:15 | 18:30 | 18:45 | 19:00 | 19:15,0
2026-05-24 15:32:00,2026-05-26,-,12:00 | 17:00 | 17:15 | 17:30 | 17:45 | 18:00 | 18:15 | 18:30 | 18:45 | 19:00 | 19:15,0
2026-05-24 15:32:00,2026-05-28,-,12:00 | 17:00 | 17:15 | 17:30 | 17:45 | 18:00 | 18:15 | 18:30 | 18:45 | 19:00 | 19:15,0
2026-05-24 15:32:00,2026-05-29,-,12:00 | 17:00 | 17:15 | 17:30 | 17:45 | 18:00 | 18:15 | 18:30 | 18:45 | 19:00 | 19:15,0
2026-05-24 15:32:00,2026-05-30,-,12:00 | 17:00 | 17:15 | 17:30 | 17:45 | 18:00 | 18:15 | 18:30 | 18:45 | 19:00 | 19:15,0
2026-05-24 15:32:00,2026-05-31,17:00,11:30 | 17:15 | 17:30 | 17:45 | 18:00 | 18:15 | 18:30 | 18:45 | 19:00 | 19:15,1
2026-05-24 15:32:00,2026-06-01,-,12:00 | 17:00 | 17:15 | 17:30 | 17:45 | 18:00 | 18:15 | 18:30 | 18:45 | 19:00 | 19:15,0
2026-05-24 15:32:00,2026-06-02,17:00 | 19:15,12:00 | 17:15 | 17:30 | 17:45 | 18:00 | 18:15 | 18:30 | 18:45 | 19:00,2
2026-05-24 15:45:26,2026-05-24,-,17:00 | 17:15 | 17:30 | 17:45 | 18:00 | 18:15 | 18:30 | 18:45 | 19:00 | 19:15,0
2026-05-24 15:45:26,2026-05-25,-,12:00 | 17:00 | 17:15 | 17:30 | 17:45 | 18:00 | 18:15 | 18:30 | 18:45 | 19:00 | 19:15,0
2026-05-24 15:45:26,2026-05-26,-,12:00 | 17:00 | 17:15 | 17:30 | 17:45 | 18:00 | 18:15 | 18:30 | 18:45 | 19:00 | 19:15,0
2026-05-24 15:45:26,2026-05-28,-,12:00 | 17:00 | 17:15 | 17:30 | 17:45 | 18:00 | 18:15 | 18:30 | 18:45 | 19:00 | 19:15,0
2026-05-24 15:45:26,2026-05-29,-,12:00 | 17:00 | 17:15 | 17:30 | 17:45 | 18:00 | 18:15 | 18:30 | 18:45 | 19:00 | 19:15,0
2026-05-24 15:45:26,2026-05-30,-,12:00 | 17:00 | 17:15 | 17:30 | 17:45 | 18:00 | 18:15 | 18:30 | 18:45 | 19:00 | 19:15,0
2026-05-24 15:45:26,2026-05-31,17:00,11:30 | 17:15 | 17:30 | 17:45 | 18:00 | 18:15 | 18:30 | 18:45 | 19:00 | 19:15,1
2026-05-24 15:45:26,2026-06-01,-,12:00 | 17:00 | 17:15 | 17:30 | 17:45 | 18:00 | 18:15 | 18:30 | 18:45 | 19:00 | 19:15,0
2026-05-24 15:45:26,2026-06-02,17:00 | 19:15,12:00 | 17:15 | 17:30 | 17:45 | 18:00 | 18:15 | 18:30 | 18:45 | 19:00,2
2026-05-24 16:28:20,2026-05-24,-,17:00 | 17:15 | 17:30 | 17:45 | 18:00 | 18:15 | 18:30 | 18:45 | 19:00 | 19:15,0
2026-05-24 16:28:20,2026-05-25,-,12:00 | 17:00 | 17:15 | 17:30 | 17:45 | 18:00 | 18:15 | 18:30 | 18:45 | 19:00 | 19:15,0
2026-05-24 16:28:20,2026-05-26,-,12:00 | 17:00 | 17:15 | 17:30 | 17:45 | 18:00 | 18:15 | 18:30 | 18:45 | 19:00 | 19:15,0
2026-05-24 16:28:20,2026-05-28,-,12:00 | 17:00 | 17:15 | 17:30 | 17:45 | 18:00 | 18:15 | 18:30 | 18:45 | 19:00 | 19:15,0
2026-05-24 16:28:20,2026-05-29,-,12:00 | 17:00 | 17:15 | 17:30 | 17:45 | 18:00 | 18:15 | 18:30 | 18:45 | 19:00 | 19:15,0
2026-05-24 16:28:20,2026-05-30,-,12:00 | 17:00 | 17:15 | 17:30 | 17:45 | 18:00 | 18:15 | 18:30 | 18:45 | 19:00 | 19:15,0
2026-05-24 16:28:20,2026-05-31,17:00,11:30 | 17:15 | 17:30 | 17:45 | 18:00 | 18:15 | 18:30 | 18:45 | 19:00 | 19:15,1
2026-05-24 16:28:20,2026-06-01,-,12:00 | 17:00 | 17:15 | 17:30 | 17:45 | 18:00 | 18:15 | 18:30 | 18:45 | 19:00 | 19:15,0
2026-05-24 16:28:20,2026-06-02,17:00 | 19:15,12:00 | 17:15 | 17:30 | 17:45 | 18:00 | 18:15 | 18:30 | 18:45 | 19:00,2
2026-05-24 16:29:45,2026-05-24,-,17:00 | 17:15 | 17:30 | 17:45 | 18:00 | 18:15 | 18:30 | 18:45 | 19:00 | 19:15,0
2026-05-24 16:29:45,2026-05-25,-,12:00 | 17:00 | 17:15 | 17:30 | 17:45 | 18:00 | 18:15 | 18:30 | 18:45 | 19:00 | 19:15,0
2026-05-24 16:29:45,2026-05-26,-,12:00 | 17:00 | 17:15 | 17:30 | 17:45 | 18:00 | 18:15 | 18:30 | 18:45 | 19:00 | 19:15,0
2026-05-24 16:29:45,2026-05-28,-,12:00 | 17:00 | 17:15 | 17:30 | 17:45 | 18:00 | 18:15 | 18:30 | 18:45 | 19:00 | 19:15,0
2026-05-24 16:29:45,2026-05-29,-,12:00 | 17:00 | 17:15 | 17:30 | 17:45 | 18:00 | 18:15 | 18:30 | 18:45 | 19:00 | 19:15,0
2026-05-24 16:29:45,2026-05-30,-,12:00 | 17:00 | 17:15 | 17:30 | 17:45 | 18:00 | 18:15 | 18:30 | 18:45 | 19:00 | 19:15,0
2026-05-24 16:29:45,2026-05-31,17:00,11:30 | 17:15 | 17:30 | 17:45 | 18:00 | 18:15 | 18:30 | 18:45 | 19:00 | 19:15,1
2026-05-24 16:29:45,2026-06-01,-,12:00 | 17:00 | 17:15 | 17:30 | 17:45 | 18:00 | 18:15 | 18:30 | 18:45 | 19:00 | 19:15,0
2026-05-24 16:29:45,2026-06-02,17:00 | 19:15,12:00 | 17:15 | 17:30 | 17:45 | 18:00 | 18:15 | 18:30 | 18:45 | 19:00,2
2026-05-25 16:08:11,2026-05-25,-,17:00 | 17:15 | 17:30 | 17:45 | 18:00 | 18:15 | 18:30 | 18:45 | 19:00 | 19:15,0
2026-05-25 16:08:11,2026-05-26,-,12:00 | 17:00 | 17:15 | 17:30 | 17:45 | 18:00 | 18:15 | 18:30 | 18:45 | 19:00 | 19:15,0
2026-05-25 16:08:11,2026-05-28,-,12:00 | 17:00 | 17:15 | 17:30 | 17:45 | 18:00 | 18:15 | 18:30 | 18:45 | 19:00 | 19:15,0
2026-05-25 16:08:11,2026-05-29,-,12:00 | 17:00 | 17:15 | 17:30 | 17:45 | 18:00 | 18:15 | 18:30 | 18:45 | 19:00 | 19:15,0
2026-05-25 16:08:11,2026-05-30,-,12:00 | 17:00 | 17:15 | 17:30 | 17:45 | 18:00 | 18:15 | 18:30 | 18:45 | 19:00 | 19:15,0
2026-05-25 16:08:11,2026-05-31,17:00,11:30 | 17:15 | 17:30 | 17:45 | 18:00 | 18:15 | 18:30 | 18:45 | 19:00 | 19:15,1
2026-05-25 16:08:11,2026-06-01,-,12:00 | 17:00 | 17:15 | 17:30 | 17:45 | 18:00 | 18:15 | 18:30 | 18:45 | 19:00 | 19:15,0
2026-05-25 16:08:11,2026-06-02,17:00 | 19:15,12:00 | 17:15 | 17:30 | 17:45 | 18:00 | 18:15 | 18:30 | 18:45 | 19:00,2
2026-05-25 16:22:49,2026-05-25,-,17:00 | 17:15 | 17:30 | 17:45 | 18:00 | 18:15 | 18:30 | 18:45 | 19:00 | 19:15,0
2026-05-25 16:22:49,2026-05-26,-,12:00 | 17:00 | 17:15 | 17:30 | 17:45 | 18:00 | 18:15 | 18:30 | 18:45 | 19:00 | 19:15,0
2026-05-25 16:22:49,2026-05-28,-,12:00 | 17:00 | 17:15 | 17:30 | 17:45 | 18:00 | 18:15 | 18:30 | 18:45 | 19:00 | 19:15,0
2026-05-25 16:22:49,2026-05-29,-,12:00 | 17:00 | 17:15 | 17:30 | 17:45 | 18:00 | 18:15 | 18:30 | 18:45 | 19:00 | 19:15,0
2026-05-25 16:22:49,2026-05-30,-,12:00 | 17:00 | 17:15 | 17:30 | 17:45 | 18:00 | 18:15 | 18:30 | 18:45 | 19:00 | 19:15,0
2026-05-25 16:22:49,2026-05-31,17:00,11:30 | 17:15 | 17:30 | 17:45 | 18:00 | 18:15 | 18:30 | 18:45 | 19:00 | 19:15,1
2026-05-25 16:22:49,2026-06-01,-,12:00 | 17:00 | 17:15 | 17:30 | 17:45 | 18:00 | 18:15 | 18:30 | 18:45 | 19:00 | 19:15,0
2026-05-25 16:22:49,2026-06-02,17:00 | 19:15,12:00 | 17:15 | 17:30 | 17:45 | 18:00 | 18:15 | 18:30 | 18:45 | 19:00,2
2026-05-25 17:27:16,2026-05-25,-,17:45 | 18:00 | 18:15 | 18:30 | 18:45 | 19:00 | 19:15,0
2026-05-25 17:27:16,2026-05-26,-,12:00 | 17:00 | 17:15 | 17:30 | 17:45 | 18:00 | 18:15 | 18:30 | 18:45 | 19:00 | 19:15,0
2026-05-25 17:27:16,2026-05-28,-,12:00 | 17:00 | 17:15 | 17:30 | 17:45 | 18:00 | 18:15 | 18:30 | 18:45 | 19:00 | 19:15,0
2026-05-25 17:27:16,2026-05-29,-,12:00 | 17:00 | 17:15 | 17:30 | 17:45 | 18:00 | 18:15 | 18:30 | 18:45 | 19:00 | 19:15,0
2026-05-25 17:27:16,2026-05-30,-,12:00 | 17:00 | 17:15 | 17:30 | 17:45 | 18:00 | 18:15 | 18:30 | 18:45 | 19:00 | 19:15,0
2026-05-25 17:27:16,2026-05-31,17:00,11:30 | 17:15 | 17:30 | 17:45 | 18:00 | 18:15 | 18:30 | 18:45 | 19:00 | 19:15,1
2026-05-25 17:27:16,2026-06-01,19:15,12:00 | 17:00 | 17:15 | 17:30 | 17:45 | 18:00 | 18:15 | 18:30 | 18:45 | 19:00,1
2026-05-25 17:27:16,2026-06-02,17:00 | 19:15,12:00 | 17:15 | 17:30 | 17:45 | 18:00 | 18:15 | 18:30 | 18:45 | 19:00,2
2026-05-25 17:39:25,2026-05-25,-,18:00 | 18:15 | 18:30 | 18:45 | 19:00 | 19:15,0
2026-05-25 17:39:25,2026-05-26,-,12:00 | 17:00 | 17:15 | 17:30 | 17:45 | 18:00 | 18:15 | 18:30 | 18:45 | 19:00 | 19:15,0
2026-05-25 17:39:25,2026-05-28,-,12:00 | 17:00 | 17:15 | 17:30 | 17:45 | 18:00 | 18:15 | 18:30 | 18:45 | 19:00 | 19:15,0
2026-05-25 17:39:25,2026-05-29,-,12:00 | 17:00 | 17:15 | 17:30 | 17:45 | 18:00 | 18:15 | 18:30 | 18:45 | 19:00 | 19:15,0
2026-05-25 17:39:25,2026-05-30,-,12:00 | 17:00 | 17:15 | 17:30 | 17:45 | 18:00 | 18:15 | 18:30 | 18:45 | 19:00 | 19:15,0
2026-05-25 17:39:25,2026-05-31,17:00,11:30 | 17:15 | 17:30 | 17:45 | 18:00 | 18:15 | 18:30 | 18:45 | 19:00 | 19:15,1
2026-05-25 17:39:25,2026-06-01,19:15,12:00 | 17:00 | 17:15 | 17:30 | 17:45 | 18:00 | 18:15 | 18:30 | 18:45 | 19:00,1
2026-05-25 17:39:25,2026-06-02,17:00 | 19:15,12:00 | 17:15 | 17:30 | 17:45 | 18:00 | 18:15 | 18:30 | 18:45 | 19:00,2
2026-05-26 15:41:15,2026-05-26,-,17:00 | 17:15 | 17:30 | 17:45 | 18:00 | 18:15 | 18:30 | 18:45 | 19:00 | 19:15,0
2026-05-26 15:41:15,2026-05-28,-,12:00 | 17:00 | 17:15 | 17:30 | 17:45 | 18:00 | 18:15 | 18:30 | 18:45 | 19:00 | 19:15,0
2026-05-26 15:41:15,2026-05-29,-,12:00 | 17:00 | 17:15 | 17:30 | 17:45 | 18:00 | 18:15 | 18:30 | 18:45 | 19:00 | 19:15,0
2026-05-26 15:41:15,2026-05-30,-,12:00 | 17:00 | 17:15 | 17:30 | 17:45 | 18:00 | 18:15 | 18:30 | 18:45 | 19:00 | 19:15,0
2026-05-26 15:41:15,2026-05-31,-,11:30 | 17:00 | 17:15 | 17:30 | 17:45 | 18:00 | 18:15 | 18:30 | 18:45 | 19:00 | 19:15,0
2026-05-26 15:41:15,2026-06-01,19:15,12:00 | 17:00 | 17:15 | 17:30 | 17:45 | 18:00 | 18:15 | 18:30 | 18:45 | 19:00,1
2026-05-26 15:41:15,2026-06-02,17:00 | 19:15,12:00 | 17:15 | 17:30 | 17:45 | 18:00 | 18:15 | 18:30 | 18:45 | 19:00,2
2026-05-26 15:54:56,2026-05-26,-,17:00 | 17:15 | 17:30 | 17:45 | 18:00 | 18:15 | 18:30 | 18:45 | 19:00 | 19:15,0
2026-05-26 15:54:56,2026-05-28,-,12:00 | 17:00 | 17:15 | 17:30 | 17:45 | 18:00 | 18:15 | 18:30 | 18:45 | 19:00 | 19:15,0
2026-05-26 15:54:56,2026-05-29,-,12:00 | 17:00 | 17:15 | 17:30 | 17:45 | 18:00 | 18:15 | 18:30 | 18:45 | 19:00 | 19:15,0
2026-05-26 15:54:56,2026-05-30,-,12:00 | 17:00 | 17:15 | 17:30 | 17:45 | 18:00 | 18:15 | 18:30 | 18:45 | 19:00 | 19:15,0
2026-05-26 15:54:56,2026-05-31,-,11:30 | 17:00 | 17:15 | 17:30 | 17:45 | 18:00 | 18:15 | 18:30 | 18:45 | 19:00 | 19:15,0
2026-05-26 15:54:56,2026-06-01,19:15,12:00 | 17:00 | 17:15 | 17:30 | 17:45 | 18:00 | 18:15 | 18:30 | 18:45 | 19:00,1
2026-05-26 15:54:56,2026-06-02,17:00 | 19:15,12:00 | 17:15 | 17:30 | 17:45 | 18:00 | 18:15 | 18:30 | 18:45 | 19:00,2
2026-05-26 16:58:00,2026-05-26,-,17:15 | 17:30 | 17:45 | 18:00 | 18:15 | 18:30 | 18:45 | 19:00 | 19:15,0
2026-05-26 16:58:00,2026-05-28,-,12:00 | 17:00 | 17:15 | 17:30 | 17:45 | 18:00 | 18:15 | 18:30 | 18:45 | 19:00 | 19:15,0
2026-05-26 16:58:00,2026-05-29,-,12:00 | 17:00 | 17:15 | 17:30 | 17:45 | 18:00 | 18:15 | 18:30 | 18:45 | 19:00 | 19:15,0
2026-05-26 16:58:00,2026-05-30,-,12:00 | 17:00 | 17:15 | 17:30 | 17:45 | 18:00 | 18:15 | 18:30 | 18:45 | 19:00 | 19:15,0
2026-05-26 16:58:00,2026-05-31,-,11:30 | 17:00 | 17:15 | 17:30 | 17:45 | 18:00 | 18:15 | 18:30 | 18:45 | 19:00 | 19:15,0
2026-05-26 16:58:00,2026-06-01,19:15,12:00 | 17:00 | 17:15 | 17:30 | 17:45 | 18:00 | 18:15 | 18:30 | 18:45 | 19:00,1
2026-05-26 16:58:00,2026-06-02,17:00 | 19:15,12:00 | 17:15 | 17:30 | 17:45 | 18:00 | 18:15 | 18:30 | 18:45 | 19:00,2
2026-05-26 16:59:35,2026-05-26,-,17:15 | 17:30 | 17:45 | 18:00 | 18:15 | 18:30 | 18:45 | 19:00 | 19:15,0
2026-05-26 16:59:35,2026-05-28,-,12:00 | 17:00 | 17:15 | 17:30 | 17:45 | 18:00 | 18:15 | 18:30 | 18:45 | 19:00 | 19:15,0
2026-05-26 16:59:35,2026-05-29,-,12:00 | 17:00 | 17:15 | 17:30 | 17:45 | 18:00 | 18:15 | 18:30 | 18:45 | 19:00 | 19:15,0
2026-05-26 16:59:35,2026-05-30,-,12:00 | 17:00 | 17:15 | 17:30 | 17:45 | 18:00 | 18:15 | 18:30 | 18:45 | 19:00 | 19:15,0
2026-05-26 16:59:35,2026-05-31,-,11:30 | 17:00 | 17:15 | 17:30 | 17:45 | 18:00 | 18:15 | 18:30 | 18:45 | 19:00 | 19:15,0
2026-05-26 16:59:35,2026-06-01,19:15,12:00 | 17:00 | 17:15 | 17:30 | 17:45 | 18:00 | 18:15 | 18:30 | 18:45 | 19:00,1
2026-05-26 16:59:35,2026-06-02,17:00 | 19:15,12:00 | 17:15 | 17:30 | 17:45 | 18:00 | 18:15 | 18:30 | 18:45 | 19:00,2
2026-05-27 15:59:14,2026-05-28,-,12:00 | 17:00 | 17:15 | 17:30 | 17:45 | 18:00 | 18:15 | 18:30 | 18:45 | 19:00 | 19:15,0
2026-05-27 15:59:14,2026-05-29,-,12:00 | 17:00 | 17:15 | 17:30 | 17:45 | 18:00 | 18:15 | 18:30 | 18:45 | 19:00 | 19:15,0
2026-05-27 15:59:14,2026-05-30,-,12:00 | 17:00 | 17:15 | 17:30 | 17:45 | 18:00 | 18:15 | 18:30 | 18:45 | 19:00 | 19:15,0
2026-05-27 15:59:14,2026-05-31,-,11:30 | 17:00 | 17:15 | 17:30 | 17:45 | 18:00 | 18:15 | 18:30 | 18:45 | 19:00 | 19:15,0
2026-05-27 15:59:14,2026-06-01,19:15,12:00 | 17:00 | 17:15 | 17:30 | 17:45 | 18:00 | 18:15 | 18:30 | 18:45 | 19:00,1
2026-05-27 15:59:14,2026-06-02,17:00,12:00 | 17:15 | 17:30 | 17:45 | 18:00 | 18:15 | 18:30 | 18:45 | 19:00 | 19:15,1
2026-05-27 15:59:14,2026-06-05,17:00,12:00 | 17:15 | 17:30 | 17:45 | 18:00 | 18:15 | 18:30 | 18:45 | 19:00 | 19:15,1
2026-05-27 16:12:44,2026-05-28,-,12:00 | 17:00 | 17:15 | 17:30 | 17:45 | 18:00 | 18:15 | 18:30 | 18:45 | 19:00 | 19:15,0
2026-05-27 16:12:44,2026-05-29,-,12:00 | 17:00 | 17:15 | 17:30 | 17:45 | 18:00 | 18:15 | 18:30 | 18:45 | 19:00 | 19:15,0
2026-05-27 16:12:44,2026-05-30,-,12:00 | 17:00 | 17:15 | 17:30 | 17:45 | 18:00 | 18:15 | 18:30 | 18:45 | 19:00 | 19:15,0
2026-05-27 16:12:44,2026-05-31,-,11:30 | 17:00 | 17:15 | 17:30 | 17:45 | 18:00 | 18:15 | 18:30 | 18:45 | 19:00 | 19:15,0
2026-05-27 16:12:44,2026-06-01,19:15,12:00 | 17:00 | 17:15 | 17:30 | 17:45 | 18:00 | 18:15 | 18:30 | 18:45 | 19:00,1
2026-05-27 16:12:44,2026-06-02,17:00,12:00 | 17:15 | 17:30 | 17:45 | 18:00 | 18:15 | 18:30 | 18:45 | 19:00 | 19:15,1
2026-05-27 16:12:44,2026-06-05,17:00,12:00 | 17:15 | 17:30 | 17:45 | 18:00 | 18:15 | 18:30 | 18:45 | 19:00 | 19:15,1
2026-05-27 17:10:25,2026-05-28,-,12:00 | 17:00 | 17:15 | 17:30 | 17:45 | 18:00 | 18:15 | 18:30 | 18:45 | 19:00 | 19:15,0
2026-05-27 17:10:25,2026-05-29,-,12:00 | 17:00 | 17:15 | 17:30 | 17:45 | 18:00 | 18:15 | 18:30 | 18:45 | 19:00 | 19:15,0
2026-05-27 17:10:25,2026-05-30,-,12:00 | 17:00 | 17:15 | 17:30 | 17:45 | 18:00 | 18:15 | 18:30 | 18:45 | 19:00 | 19:15,0
2026-05-27 17:10:25,2026-05-31,-,11:30 | 17:00 | 17:15 | 17:30 | 17:45 | 18:00 | 18:15 | 18:30 | 18:45 | 19:00 | 19:15,0
2026-05-27 17:10:25,2026-06-01,19:15,12:00 | 17:00 | 17:15 | 17:30 | 17:45 | 18:00 | 18:15 | 18:30 | 18:45 | 19:00,1
2026-05-27 17:10:25,2026-06-02,17:00,12:00 | 17:15 | 17:30 | 17:45 | 18:00 | 18:15 | 18:30 | 18:45 | 19:00 | 19:15,1
2026-05-27 17:10:25,2026-06-05,17:00,12:00 | 17:15 | 17:30 | 17:45 | 18:00 | 18:15 | 18:30 | 18:45 | 19:00 | 19:15,1
2026-05-27 17:11:44,2026-05-28,-,12:00 | 17:00 | 17:15 | 17:30 | 17:45 | 18:00 | 18:15 | 18:30 | 18:45 | 19:00 | 19:15,0
2026-05-27 17:11:44,2026-05-29,-,12:00 | 17:00 | 17:15 | 17:30 | 17:45 | 18:00 | 18:15 | 18:30 | 18:45 | 19:00 | 19:15,0
2026-05-27 17:11:44,2026-05-30,-,12:00 | 17:00 | 17:15 | 17:30 | 17:45 | 18:00 | 18:15 | 18:30 | 18:45 | 19:00 | 19:15,0
2026-05-27 17:11:44,2026-05-31,-,11:30 | 17:00 | 17:15 | 17:30 | 17:45 | 18:00 | 18:15 | 18:30 | 18:45 | 19:00 | 19:15,0
2026-05-27 17:11:44,2026-06-01,19:15,12:00 | 17:00 | 17:15 | 17:30 | 17:45 | 18:00 | 18:15 | 18:30 | 18:45 | 19:00,1
2026-05-27 17:11:44,2026-06-02,17:00,12:00 | 17:15 | 17:30 | 17:45 | 18:00 | 18:15 | 18:30 | 18:45 | 19:00 | 19:15,1
2026-05-27 17:11:44,2026-06-05,17:00,12:00 | 17:15 | 17:30 | 17:45 | 18:00 | 18:15 | 18:30 | 18:45 | 19:00 | 19:15,1
2026-05-28 15:48:39,2026-05-28,-,17:00 | 17:15 | 17:30 | 17:45 | 18:00 | 18:15 | 18:30 | 18:45 | 19:00 | 19:15,0
2026-05-28 15:48:39,2026-05-29,-,12:00 | 17:00 | 17:15 | 17:30 | 17:45 | 18:00 | 18:15 | 18:30 | 18:45 | 19:00 | 19:15,0
2026-05-28 15:48:39,2026-05-30,-,12:00 | 17:00 | 17:15 | 17:30 | 17:45 | 18:00 | 18:15 | 18:30 | 18:45 | 19:00 | 19:15,0
2026-05-28 15:48:39,2026-05-31,-,11:30 | 17:00 | 17:15 | 17:30 | 17:45 | 18:00 | 18:15 | 18:30 | 18:45 | 19:00 | 19:15,0
2026-05-28 15:48:39,2026-06-01,-,12:00 | 17:00 | 17:15 | 17:30 | 17:45 | 18:00 | 18:15 | 18:30 | 18:45 | 19:00 | 19:15,0
2026-05-28 15:48:39,2026-06-02,17:00,12:00 | 17:15 | 17:30 | 17:45 | 18:00 | 18:15 | 18:30 | 18:45 | 19:00 | 19:15,1
2026-05-28 15:48:39,2026-06-05,17:00,12:00 | 17:15 | 17:30 | 17:45 | 18:00 | 18:15 | 18:30 | 18:45 | 19:00 | 19:15,1
2026-05-28 15:48:39,2026-06-06,-,12:00 | 17:00 | 17:15 | 17:30 | 17:45 | 18:00 | 18:15 | 18:30 | 18:45 | 19:00 | 19:15,0
2026-05-28 16:01:52,2026-05-28,-,17:00 | 17:15 | 17:30 | 17:45 | 18:00 | 18:15 | 18:30 | 18:45 | 19:00 | 19:15,0
2026-05-28 16:01:52,2026-05-29,-,12:00 | 17:00 | 17:15 | 17:30 | 17:45 | 18:00 | 18:15 | 18:30 | 18:45 | 19:00 | 19:15,0
2026-05-28 16:01:52,2026-05-30,-,12:00 | 17:00 | 17:15 | 17:30 | 17:45 | 18:00 | 18:15 | 18:30 | 18:45 | 19:00 | 19:15,0
2026-05-28 16:01:52,2026-05-31,-,11:30 | 17:00 | 17:15 | 17:30 | 17:45 | 18:00 | 18:15 | 18:30 | 18:45 | 19:00 | 19:15,0
2026-05-28 16:01:52,2026-06-01,-,12:00 | 17:00 | 17:15 | 17:30 | 17:45 | 18:00 | 18:15 | 18:30 | 18:45 | 19:00 | 19:15,0
2026-05-28 16:01:52,2026-06-02,17:00,12:00 | 17:15 | 17:30 | 17:45 | 18:00 | 18:15 | 18:30 | 18:45 | 19:00 | 19:15,1
2026-05-28 16:01:52,2026-06-05,17:00,12:00 | 17:15 | 17:30 | 17:45 | 18:00 | 18:15 | 18:30 | 18:45 | 19:00 | 19:15,1
2026-05-28 16:01:52,2026-06-06,-,12:00 | 17:00 | 17:15 | 17:30 | 17:45 | 18:00 | 18:15 | 18:30 | 18:45 | 19:00 | 19:15,0
2026-05-28 17:08:24,2026-05-28,-,17:30 | 17:45 | 18:00 | 18:15 | 18:30 | 18:45 | 19:00 | 19:15,0
2026-05-28 17:08:24,2026-05-29,-,12:00 | 17:00 | 17:15 | 17:30 | 17:45 | 18:00 | 18:15 | 18:30 | 18:45 | 19:00 | 19:15,0
2026-05-28 17:08:24,2026-05-30,-,12:00 | 17:00 | 17:15 | 17:30 | 17:45 | 18:00 | 18:15 | 18:30 | 18:45 | 19:00 | 19:15,0
2026-05-28 17:08:24,2026-05-31,-,11:30 | 17:00 | 17:15 | 17:30 | 17:45 | 18:00 | 18:15 | 18:30 | 18:45 | 19:00 | 19:15,0
2026-05-28 17:08:24,2026-06-01,-,12:00 | 17:00 | 17:15 | 17:30 | 17:45 | 18:00 | 18:15 | 18:30 | 18:45 | 19:00 | 19:15,0
2026-05-28 17:08:24,2026-06-02,17:00,12:00 | 17:15 | 17:30 | 17:45 | 18:00 | 18:15 | 18:30 | 18:45 | 19:00 | 19:15,1
2026-05-28 17:08:24,2026-06-05,17:00,12:00 | 17:15 | 17:30 | 17:45 | 18:00 | 18:15 | 18:30 | 18:45 | 19:00 | 19:15,1
2026-05-28 17:08:24,2026-06-06,-,12:00 | 17:00 | 17:15 | 17:30 | 17:45 | 18:00 | 18:15 | 18:30 | 18:45 | 19:00 | 19:15,0
2026-05-28 17:10:59,2026-05-28,-,17:30 | 17:45 | 18:00 | 18:15 | 18:30 | 18:45 | 19:00 | 19:15,0
2026-05-28 17:10:59,2026-05-29,-,12:00 | 17:00 | 17:15 | 17:30 | 17:45 | 18:00 | 18:15 | 18:30 | 18:45 | 19:00 | 19:15,0
2026-05-28 17:10:59,2026-05-30,-,12:00 | 17:00 | 17:15 | 17:30 | 17:45 | 18:00 | 18:15 | 18:30 | 18:45 | 19:00 | 19:15,0
2026-05-28 17:10:59,2026-05-31,-,11:30 | 17:00 | 17:15 | 17:30 | 17:45 | 18:00 | 18:15 | 18:30 | 18:45 | 19:00 | 19:15,0
2026-05-28 17:10:59,2026-06-01,-,12:00 | 17:00 | 17:15 | 17:30 | 17:45 | 18:00 | 18:15 | 18:30 | 18:45 | 19:00 | 19:15,0
2026-05-28 17:10:59,2026-06-02,17:00,12:00 | 17:15 | 17:30 | 17:45 | 18:00 | 18:15 | 18:30 | 18:45 | 19:00 | 19:15,1
2026-05-28 17:10:59,2026-06-05,17:00,12:00 | 17:15 | 17:30 | 17:45 | 18:00 | 18:15 | 18:30 | 18:45 | 19:00 | 19:15,1
2026-05-28 17:10:59,2026-06-06,-,12:00 | 17:00 | 17:15 | 17:30 | 17:45 | 18:00 | 18:15 | 18:30 | 18:45 | 19:00 | 19:15,0
2026-05-29 15:49:00,2026-05-29,-,17:00 | 17:15 | 17:30 | 17:45 | 18:00 | 18:15 | 18:30 | 18:45 | 19:00 | 19:15,0
2026-05-29 15:49:00,2026-05-30,-,12:00 | 17:00 | 17:15 | 17:30 | 17:45 | 18:00 | 18:15 | 18:30 | 18:45 | 19:00 | 19:15,0
2026-05-29 15:49:00,2026-05-31,-,11:30 | 17:00 | 17:15 | 17:30 | 17:45 | 18:00 | 18:15 | 18:30 | 18:45 | 19:00 | 19:15,0
2026-05-29 15:49:00,2026-06-01,-,12:00 | 17:00 | 17:15 | 17:30 | 17:45 | 18:00 | 18:15 | 18:30 | 18:45 | 19:00 | 19:15,0
2026-05-29 15:49:00,2026-06-02,17:00,12:00 | 17:15 | 17:30 | 17:45 | 18:00 | 18:15 | 18:30 | 18:45 | 19:00 | 19:15,1
2026-05-29 15:49:00,2026-06-05,-,12:00 | 17:00 | 17:15 | 17:30 | 17:45 | 18:00 | 18:15 | 18:30 | 18:45 | 19:00 | 19:15,0
2026-05-29 15:49:00,2026-06-06,-,12:00 | 17:00 | 17:15 | 17:30 | 17:45 | 18:00 | 18:15 | 18:30 | 18:45 | 19:00 | 19:15,0
2026-05-29 15:49:00,2026-06-07,-,11:30 | 17:00 | 17:15 | 17:30 | 17:45 | 18:00 | 18:15 | 18:30 | 18:45 | 19:00 | 19:15,0
2026-05-29 16:02:06,2026-05-29,-,17:00 | 17:15 | 17:30 | 17:45 | 18:00 | 18:15 | 18:30 | 18:45 | 19:00 | 19:15,0
2026-05-29 16:02:06,2026-05-30,-,12:00 | 17:00 | 17:15 | 17:30 | 17:45 | 18:00 | 18:15 | 18:30 | 18:45 | 19:00 | 19:15,0
2026-05-29 16:02:06,2026-05-31,-,11:30 | 17:00 | 17:15 | 17:30 | 17:45 | 18:00 | 18:15 | 18:30 | 18:45 | 19:00 | 19:15,0
2026-05-29 16:02:06,2026-06-01,-,12:00 | 17:00 | 17:15 | 17:30 | 17:45 | 18:00 | 18:15 | 18:30 | 18:45 | 19:00 | 19:15,0
2026-05-29 16:02:06,2026-06-02,17:00,12:00 | 17:15 | 17:30 | 17:45 | 18:00 | 18:15 | 18:30 | 18:45 | 19:00 | 19:15,1
2026-05-29 16:02:06,2026-06-05,-,12:00 | 17:00 | 17:15 | 17:30 | 17:45 | 18:00 | 18:15 | 18:30 | 18:45 | 19:00 | 19:15,0
2026-05-29 16:02:06,2026-06-06,-,12:00 | 17:00 | 17:15 | 17:30 | 17:45 | 18:00 | 18:15 | 18:30 | 18:45 | 19:00 | 19:15,0
2026-05-29 16:02:06,2026-06-07,-,11:30 | 17:00 | 17:15 | 17:30 | 17:45 | 18:00 | 18:15 | 18:30 | 18:45 | 19:00 | 19:15,0
2026-05-29 17:05:08,2026-05-29,-,17:30 | 17:45 | 18:00 | 18:15 | 18:30 | 18:45 | 19:00 | 19:15,0
2026-05-29 17:05:08,2026-05-30,-,12:00 | 17:00 | 17:15 | 17:30 | 17:45 | 18:00 | 18:15 | 18:30 | 18:45 | 19:00 | 19:15,0
2026-05-29 17:05:08,2026-05-31,-,11:30 | 17:00 | 17:15 | 17:30 | 17:45 | 18:00 | 18:15 | 18:30 | 18:45 | 19:00 | 19:15,0
2026-05-29 17:05:08,2026-06-01,-,12:00 | 17:00 | 17:15 | 17:30 | 17:45 | 18:00 | 18:15 | 18:30 | 18:45 | 19:00 | 19:15,0
2026-05-29 17:05:08,2026-06-02,17:00,12:00 | 17:15 | 17:30 | 17:45 | 18:00 | 18:15 | 18:30 | 18:45 | 19:00 | 19:15,1
2026-05-29 17:05:08,2026-06-05,-,12:00 | 17:00 | 17:15 | 17:30 | 17:45 | 18:00 | 18:15 | 18:30 | 18:45 | 19:00 | 19:15,0
2026-05-29 17:05:08,2026-06-06,-,12:00 | 17:00 | 17:15 | 17:30 | 17:45 | 18:00 | 18:15 | 18:30 | 18:45 | 19:00 | 19:15,0
2026-05-29 17:05:08,2026-06-07,-,11:30 | 17:00 | 17:15 | 17:30 | 17:45 | 18:00 | 18:15 | 18:30 | 18:45 | 19:00 | 19:15,0
2026-05-29 17:08:39,2026-05-29,-,17:30 | 17:45 | 18:00 | 18:15 | 18:30 | 18:45 | 19:00 | 19:15,0
2026-05-29 17:08:39,2026-05-30,-,12:00 | 17:00 | 17:15 | 17:30 | 17:45 | 18:00 | 18:15 | 18:30 | 18:45 | 19:00 | 19:15,0
2026-05-29 17:08:39,2026-05-31,-,11:30 | 17:00 | 17:15 | 17:30 | 17:45 | 18:00 | 18:15 | 18:30 | 18:45 | 19:00 | 19:15,0
2026-05-29 17:08:39,2026-06-01,-,12:00 | 17:00 | 17:15 | 17:30 | 17:45 | 18:00 | 18:15 | 18:30 | 18:45 | 19:00 | 19:15,0
2026-05-29 17:08:39,2026-06-02,17:00,12:00 | 17:15 | 17:30 | 17:45 | 18:00 | 18:15 | 18:30 | 18:45 | 19:00 | 19:15,1
2026-05-29 17:08:39,2026-06-05,-,12:00 | 17:00 | 17:15 | 17:30 | 17:45 | 18:00 | 18:15 | 18:30 | 18:45 | 19:00 | 19:15,0
2026-05-29 17:08:39,2026-06-06,-,12:00 | 17:00 | 17:15 | 17:30 | 17:45 | 18:00 | 18:15 | 18:30 | 18:45 | 19:00 | 19:15,0
2026-05-29 17:08:39,2026-06-07,-,11:30 | 17:00 | 17:15 | 17:30 | 17:45 | 18:00 | 18:15 | 18:30 | 18:45 | 19:00 | 19:15,0
2026-05-30 15:19:04,2026-05-30,-,17:00 | 17:15 | 17:30 | 17:45 | 18:00 | 18:15 | 18:30 | 18:45 | 19:00 | 19:15,0
2026-05-30 15:19:04,2026-05-31,-,11:30 | 17:00 | 17:15 | 17:30 | 17:45 | 18:00 | 18:15 | 18:30 | 18:45 | 19:00 | 19:15,0
2026-05-30 15:19:04,2026-06-01,-,12:00 | 17:00 | 17:15 | 17:30 | 17:45 | 18:00 | 18:15 | 18:30 | 18:45 | 19:00 | 19:15,0
2026-05-30 15:19:04,2026-06-02,17:00,12:00 | 17:15 | 17:30 | 17:45 | 18:00 | 18:15 | 18:30 | 18:45 | 19:00 | 19:15,1
2026-05-30 15:19:04,2026-06-05,-,12:00 | 17:00 | 17:15 | 17:30 | 17:45 | 18:00 | 18:15 | 18:30 | 18:45 | 19:00 | 19:15,0
2026-05-30 15:19:04,2026-06-06,17:00,12:00 | 17:15 | 17:30 | 17:45 | 18:00 | 18:15 | 18:30 | 18:45 | 19:00 | 19:15,1
2026-05-30 15:19:04,2026-06-07,-,11:30 | 17:00 | 17:15 | 17:30 | 17:45 | 18:00 | 18:15 | 18:30 | 18:45 | 19:00 | 19:15,0
2026-05-30 15:19:04,2026-06-08,17:00 | 19:15,12:00 | 17:15 | 17:30 | 17:45 | 18:00 | 18:15 | 18:30 | 18:45 | 19:00,2
2026-05-30 15:29:53,2026-05-30,-,17:00 | 17:15 | 17:30 | 17:45 | 18:00 | 18:15 | 18:30 | 18:45 | 19:00 | 19:15,0
2026-05-30 15:29:53,2026-05-31,-,11:30 | 17:00 | 17:15 | 17:30 | 17:45 | 18:00 | 18:15 | 18:30 | 18:45 | 19:00 | 19:15,0
2026-05-30 15:29:53,2026-06-01,-,12:00 | 17:00 | 17:15 | 17:30 | 17:45 | 18:00 | 18:15 | 18:30 | 18:45 | 19:00 | 19:15,0
2026-05-30 15:29:53,2026-06-02,17:00,12:00 | 17:15 | 17:30 | 17:45 | 18:00 | 18:15 | 18:30 | 18:45 | 19:00 | 19:15,1
2026-05-30 15:29:53,2026-06-05,-,12:00 | 17:00 | 17:15 | 17:30 | 17:45 | 18:00 | 18:15 | 18:30 | 18:45 | 19:00 | 19:15,0
2026-05-30 15:29:53,2026-06-06,17:00,12:00 | 17:15 | 17:30 | 17:45 | 18:00 | 18:15 | 18:30 | 18:45 | 19:00 | 19:15,1
2026-05-30 15:29:53,2026-06-07,-,11:30 | 17:00 | 17:15 | 17:30 | 17:45 | 18:00 | 18:15 | 18:30 | 18:45 | 19:00 | 19:15,0
2026-05-30 15:29:53,2026-06-08,17:00 | 19:15,12:00 | 17:15 | 17:30 | 17:45 | 18:00 | 18:15 | 18:30 | 18:45 | 19:00,2
<<<<<<< Updated upstream
2026-05-30 15:53:08,2026-05-30,-,17:00 | 17:15 | 17:30 | 17:45 | 18:00 | 18:15 | 18:30 | 18:45 | 19:00 | 19:15,0
2026-05-30 15:53:08,2026-05-31,-,11:30 | 17:00 | 17:15 | 17:30 | 17:45 | 18:00 | 18:15 | 18:30 | 18:45 | 19:00 | 19:15,0
2026-05-30 15:53:08,2026-06-01,-,12:00 | 17:00 | 17:15 | 17:30 | 17:45 | 18:00 | 18:15 | 18:30 | 18:45 | 19:00 | 19:15,0
2026-05-30 15:53:08,2026-06-02,17:00,12:00 | 17:15 | 17:30 | 17:45 | 18:00 | 18:15 | 18:30 | 18:45 | 19:00 | 19:15,1
2026-05-30 15:53:08,2026-06-05,-,12:00 | 17:00 | 17:15 | 17:30 | 17:45 | 18:00 | 18:15 | 18:30 | 18:45 | 19:00 | 19:15,0
2026-05-30 15:53:08,2026-06-06,17:00,12:00 | 17:15 | 17:30 | 17:45 | 18:00 | 18:15 | 18:30 | 18:45 | 19:00 | 19:15,1
2026-05-30 15:53:08,2026-06-07,-,11:30 | 17:00 | 17:15 | 17:30 | 17:45 | 18:00 | 18:15 | 18:30 | 18:45 | 19:00 | 19:15,0
2026-05-30 15:53:08,2026-06-08,17:00 | 19:15,12:00 | 17:15 | 17:30 | 17:45 | 18:00 | 18:15 | 18:30 | 18:45 | 19:00,2
=======
2026-05-30 15:53:47,2026-05-30,-,17:00 | 17:15 | 17:30 | 17:45 | 18:00 | 18:15 | 18:30 | 18:45 | 19:00 | 19:15,0
2026-05-30 15:53:47,2026-05-31,-,11:30 | 17:00 | 17:15 | 17:30 | 17:45 | 18:00 | 18:15 | 18:30 | 18:45 | 19:00 | 19:15,0
2026-05-30 15:53:47,2026-06-01,-,12:00 | 17:00 | 17:15 | 17:30 | 17:45 | 18:00 | 18:15 | 18:30 | 18:45 | 19:00 | 19:15,0
2026-05-30 15:53:47,2026-06-02,17:00,12:00 | 17:15 | 17:30 | 17:45 | 18:00 | 18:15 | 18:30 | 18:45 | 19:00 | 19:15,1
2026-05-30 15:53:47,2026-06-05,-,12:00 | 17:00 | 17:15 | 17:30 | 17:45 | 18:00 | 18:15 | 18:30 | 18:45 | 19:00 | 19:15,0
2026-05-30 15:53:47,2026-06-06,17:00,12:00 | 17:15 | 17:30 | 17:45 | 18:00 | 18:15 | 18:30 | 18:45 | 19:00 | 19:15,1
2026-05-30 15:53:47,2026-06-07,-,11:30 | 17:00 | 17:15 | 17:30 | 17:45 | 18:00 | 18:15 | 18:30 | 18:45 | 19:00 | 19:15,0
2026-05-30 15:53:47,2026-06-08,17:00 | 19:15,12:00 | 17:15 | 17:30 | 17:45 | 18:00 | 18:15 | 18:30 | 18:45 | 19:00,2
>>>>>>> Stashed changes
2026-05-31 15:54:49,2026-05-31,-,17:00 | 17:15 | 17:30 | 17:45 | 18:00 | 18:15 | 18:30 | 18:45 | 19:00 | 19:15,0
2026-05-31 15:54:49,2026-06-01,-,12:00 | 17:00 | 17:15 | 17:30 | 17:45 | 18:00 | 18:15 | 18:30 | 18:45 | 19:00 | 19:15,0
2026-05-31 15:54:49,2026-06-02,17:00,12:00 | 17:15 | 17:30 | 17:45 | 18:00 | 18:15 | 18:30 | 18:45 | 19:00 | 19:15,1
2026-05-31 15:54:49,2026-06-05,-,12:00 | 17:00 | 17:15 | 17:30 | 17:45 | 18:00 | 18:15 | 18:30 | 18:45 | 19:00 | 19:15,0
2026-05-31 15:54:49,2026-06-06,-,12:00 | 17:00 | 17:15 | 17:30 | 17:45 | 18:00 | 18:15 | 18:30 | 18:45 | 19:00 | 19:15,0
2026-05-31 15:54:49,2026-06-07,-,11:30 | 17:00 | 17:15 | 17:30 | 17:45 | 18:00 | 18:15 | 18:30 | 18:45 | 19:00 | 19:15,0
2026-05-31 15:54:49,2026-06-08,17:00 | 19:15,12:00 | 17:15 | 17:30 | 17:45 | 18:00 | 18:15 | 18:30 | 18:45 | 19:00,2
2026-05-31 15:54:49,2026-06-09,17:00 | 19:15,12:00 | 17:15 | 17:30 | 17:45 | 18:00 | 18:15 | 18:30 | 18:45 | 19:00,2
2026-05-31 16:04:52,2026-05-31,-,17:00 | 17:15 | 17:30 | 17:45 | 18:00 | 18:15 | 18:30 | 18:45 | 19:00 | 19:15,0
2026-05-31 16:04:52,2026-06-01,-,12:00 | 17:00 | 17:15 | 17:30 | 17:45 | 18:00 | 18:15 | 18:30 | 18:45 | 19:00 | 19:15,0
2026-05-31 16:04:52,2026-06-02,17:00,12:00 | 17:15 | 17:30 | 17:45 | 18:00 | 18:15 | 18:30 | 18:45 | 19:00 | 19:15,1
2026-05-31 16:04:52,2026-06-05,-,12:00 | 17:00 | 17:15 | 17:30 | 17:45 | 18:00 | 18:15 | 18:30 | 18:45 | 19:00 | 19:15,0
2026-05-31 16:04:52,2026-06-06,-,12:00 | 17:00 | 17:15 | 17:30 | 17:45 | 18:00 | 18:15 | 18:30 | 18:45 | 19:00 | 19:15,0
2026-05-31 16:04:52,2026-06-07,-,11:30 | 17:00 | 17:15 | 17:30 | 17:45 | 18:00 | 18:15 | 18:30 | 18:45 | 19:00 | 19:15,0
2026-05-31 16:04:52,2026-06-08,17:00 | 19:15,12:00 | 17:15 | 17:30 | 17:45 | 18:00 | 18:15 | 18:30 | 18:45 | 19:00,2
2026-05-31 16:04:52,2026-06-09,17:00 | 19:15,12:00 | 17:15 | 17:30 | 17:45 | 18:00 | 18:15 | 18:30 | 18:45 | 19:00,2
2026-05-31 16:50:32,2026-05-31,-,17:15 | 17:30 | 17:45 | 18:00 | 18:15 | 18:30 | 18:45 | 19:00 | 19:15,0
2026-05-31 16:50:32,2026-06-01,-,12:00 | 17:00 | 17:15 | 17:30 | 17:45 | 18:00 | 18:15 | 18:30 | 18:45 | 19:00 | 19:15,0
2026-05-31 16:50:32,2026-06-02,17:00,12:00 | 17:15 | 17:30 | 17:45 | 18:00 | 18:15 | 18:30 | 18:45 | 19:00 | 19:15,1
2026-05-31 16:50:32,2026-06-05,-,12:00 | 17:00 | 17:15 | 17:30 | 17:45 | 18:00 | 18:15 | 18:30 | 18:45 | 19:00 | 19:15,0
2026-05-31 16:50:32,2026-06-06,-,12:00 | 17:00 | 17:15 | 17:30 | 17:45 | 18:00 | 18:15 | 18:30 | 18:45 | 19:00 | 19:15,0
2026-05-31 16:50:32,2026-06-07,-,11:30 | 17:00 | 17:15 | 17:30 | 17:45 | 18:00 | 18:15 | 18:30 | 18:45 | 19:00 | 19:15,0
2026-05-31 16:50:32,2026-06-08,17:00 | 19:15,12:00 | 17:15 | 17:30 | 17:45 | 18:00 | 18:15 | 18:30 | 18:45 | 19:00,2
2026-05-31 16:50:32,2026-06-09,17:00 | 19:15,12:00 | 17:15 | 17:30 | 17:45 | 18:00 | 18:15 | 18:30 | 18:45 | 19:00,2
2026-05-31 16:51:42,2026-05-31,-,17:15 | 17:30 | 17:45 | 18:00 | 18:15 | 18:30 | 18:45 | 19:00 | 19:15,0
2026-05-31 16:51:42,2026-06-01,-,12:00 | 17:00 | 17:15 | 17:30 | 17:45 | 18:00 | 18:15 | 18:30 | 18:45 | 19:00 | 19:15,0
2026-05-31 16:51:42,2026-06-02,17:00,12:00 | 17:15 | 17:30 | 17:45 | 18:00 | 18:15 | 18:30 | 18:45 | 19:00 | 19:15,1
2026-05-31 16:51:42,2026-06-05,-,12:00 | 17:00 | 17:15 | 17:30 | 17:45 | 18:00 | 18:15 | 18:30 | 18:45 | 19:00 | 19:15,0
2026-05-31 16:51:42,2026-06-06,-,12:00 | 17:00 | 17:15 | 17:30 | 17:45 | 18:00 | 18:15 | 18:30 | 18:45 | 19:00 | 19:15,0
2026-05-31 16:51:42,2026-06-07,-,11:30 | 17:00 | 17:15 | 17:30 | 17:45 | 18:00 | 18:15 | 18:30 | 18:45 | 19:00 | 19:15,0
2026-05-31 16:51:42,2026-06-08,17:00 | 19:15,12:00 | 17:15 | 17:30 | 17:45 | 18:00 | 18:15 | 18:30 | 18:45 | 19:00,2
2026-05-31 16:51:42,2026-06-09,17:00 | 19:15,12:00 | 17:15 | 17:30 | 17:45 | 18:00 | 18:15 | 18:30 | 18:45 | 19:00,2
2026-06-01 17:29:14,2026-06-01,-,17:45 | 18:00 | 18:15 | 18:30 | 18:45 | 19:00 | 19:15,0
2026-06-01 17:29:14,2026-06-02,-,12:00 | 17:00 | 17:15 | 17:30 | 17:45 | 18:00 | 18:15 | 18:30 | 18:45 | 19:00 | 19:15,0
2026-06-01 17:29:14,2026-06-05,-,12:00 | 17:00 | 17:15 | 17:30 | 17:45 | 18:00 | 18:15 | 18:30 | 18:45 | 19:00 | 19:15,0
2026-06-01 17:29:14,2026-06-06,-,12:00 | 17:00 | 17:15 | 17:30 | 17:45 | 18:00 | 18:15 | 18:30 | 18:45 | 19:00 | 19:15,0
2026-06-01 17:29:14,2026-06-07,-,11:30 | 17:00 | 17:15 | 17:30 | 17:45 | 18:00 | 18:15 | 18:30 | 18:45 | 19:00 | 19:15,0
2026-06-01 17:29:14,2026-06-08,17:00 | 19:15,12:00 | 17:15 | 17:30 | 17:45 | 18:00 | 18:15 | 18:30 | 18:45 | 19:00,2
2026-06-01 17:29:14,2026-06-09,17:00 | 19:15,12:00 | 17:15 | 17:30 | 17:45 | 18:00 | 18:15 | 18:30 | 18:45 | 19:00,2
2026-06-01 17:44:00,2026-06-01,-,18:00 | 18:15 | 18:30 | 18:45 | 19:00 | 19:15,0
2026-06-01 17:44:00,2026-06-02,-,12:00 | 17:00 | 17:15 | 17:30 | 17:45 | 18:00 | 18:15 | 18:30 | 18:45 | 19:00 | 19:15,0
2026-06-01 17:44:00,2026-06-05,-,12:00 | 17:00 | 17:15 | 17:30 | 17:45 | 18:00 | 18:15 | 18:30 | 18:45 | 19:00 | 19:15,0
2026-06-01 17:44:00,2026-06-06,-,12:00 | 17:00 | 17:15 | 17:30 | 17:45 | 18:00 | 18:15 | 18:30 | 18:45 | 19:00 | 19:15,0
2026-06-01 17:44:00,2026-06-07,-,11:30 | 17:00 | 17:15 | 17:30 | 17:45 | 18:00 | 18:15 | 18:30 | 18:45 | 19:00 | 19:15,0
2026-06-01 17:44:00,2026-06-08,17:00 | 19:15,12:00 | 17:15 | 17:30 | 17:45 | 18:00 | 18:15 | 18:30 | 18:45 | 19:00,2
2026-06-01 17:44:00,2026-06-09,17:00 | 19:15,12:00 | 17:15 | 17:30 | 17:45 | 18:00 | 18:15 | 18:30 | 18:45 | 19:00,2
2026-06-01 18:33:08,2026-06-01,-,19:00 | 19:15,0
2026-06-01 18:33:08,2026-06-02,-,12:00 | 17:00 | 17:15 | 17:30 | 17:45 | 18:00 | 18:15 | 18:30 | 18:45 | 19:00 | 19:15,0
2026-06-01 18:33:08,2026-06-05,-,12:00 | 17:00 | 17:15 | 17:30 | 17:45 | 18:00 | 18:15 | 18:30 | 18:45 | 19:00 | 19:15,0
2026-06-01 18:33:08,2026-06-06,-,12:00 | 17:00 | 17:15 | 17:30 | 17:45 | 18:00 | 18:15 | 18:30 | 18:45 | 19:00 | 19:15,0
2026-06-01 18:33:08,2026-06-07,-,11:30 | 17:00 | 17:15 | 17:30 | 17:45 | 18:00 | 18:15 | 18:30 | 18:45 | 19:00 | 19:15,0
2026-06-01 18:33:08,2026-06-08,17:00 | 19:15,12:00 | 17:15 | 17:30 | 17:45 | 18:00 | 18:15 | 18:30 | 18:45 | 19:00,2
2026-06-01 18:33:08,2026-06-09,17:00 | 19:15,12:00 | 17:15 | 17:30 | 17:45 | 18:00 | 18:15 | 18:30 | 18:45 | 19:00,2
2026-06-01 18:34:52,2026-06-01,-,19:00 | 19:15,0
2026-06-01 18:34:52,2026-06-02,-,12:00 | 17:00 | 17:15 | 17:30 | 17:45 | 18:00 | 18:15 | 18:30 | 18:45 | 19:00 | 19:15,0
2026-06-01 18:34:52,2026-06-05,-,12:00 | 17:00 | 17:15 | 17:30 | 17:45 | 18:00 | 18:15 | 18:30 | 18:45 | 19:00 | 19:15,0
2026-06-01 18:34:52,2026-06-06,-,12:00 | 17:00 | 17:15 | 17:30 | 17:45 | 18:00 | 18:15 | 18:30 | 18:45 | 19:00 | 19:15,0
2026-06-01 18:34:52,2026-06-07,-,11:30 | 17:00 | 17:15 | 17:30 | 17:45 | 18:00 | 18:15 | 18:30 | 18:45 | 19:00 | 19:15,0
2026-06-01 18:34:52,2026-06-08,17:00 | 19:15,12:00 | 17:15 | 17:30 | 17:45 | 18:00 | 18:15 | 18:30 | 18:45 | 19:00,2
2026-06-01 18:34:52,2026-06-09,17:00 | 19:15,12:00 | 17:15 | 17:30 | 17:45 | 18:00 | 18:15 | 18:30 | 18:45 | 19:00,2
2026-06-02 16:20:17,2026-06-02,-,17:00 | 17:15 | 17:30 | 17:45 | 18:00 | 18:15 | 18:30 | 18:45 | 19:00 | 19:15,0
2026-06-02 16:20:17,2026-06-05,-,12:00 | 17:00 | 17:15 | 17:30 | 17:45 | 18:00 | 18:15 | 18:30 | 18:45 | 19:00 | 19:15,0
2026-06-02 16:20:17,2026-06-06,-,12:00 | 17:00 | 17:15 | 17:30 | 17:45 | 18:00 | 18:15 | 18:30 | 18:45 | 19:00 | 19:15,0
2026-06-02 16:20:17,2026-06-07,-,11:30 | 17:00 | 17:15 | 17:30 | 17:45 | 18:00 | 18:15 | 18:30 | 18:45 | 19:00 | 19:15,0
2026-06-02 16:20:17,2026-06-08,17:00 | 19:15,12:00 | 17:15 | 17:30 | 17:45 | 18:00 | 18:15 | 18:30 | 18:45 | 19:00,2
2026-06-02 16:20:17,2026-06-09,17:00 | 19:15,12:00 | 17:15 | 17:30 | 17:45 | 18:00 | 18:15 | 18:30 | 18:45 | 19:00,2
2026-06-02 17:04:16,2026-06-02,-,17:30 | 17:45 | 18:00 | 18:15 | 18:30 | 18:45 | 19:00 | 19:15,0
2026-06-02 17:04:16,2026-06-05,-,12:00 | 17:00 | 17:15 | 17:30 | 17:45 | 18:00 | 18:15 | 18:30 | 18:45 | 19:00 | 19:15,0
2026-06-02 17:04:16,2026-06-06,-,12:00 | 17:00 | 17:15 | 17:30 | 17:45 | 18:00 | 18:15 | 18:30 | 18:45 | 19:00 | 19:15,0
2026-06-02 17:04:16,2026-06-07,-,11:30 | 17:00 | 17:15 | 17:30 | 17:45 | 18:00 | 18:15 | 18:30 | 18:45 | 19:00 | 19:15,0
2026-06-02 17:04:16,2026-06-08,17:00 | 19:15,12:00 | 17:15 | 17:30 | 17:45 | 18:00 | 18:15 | 18:30 | 18:45 | 19:00,2
2026-06-02 17:04:16,2026-06-09,17:00 | 19:15,12:00 | 17:15 | 17:30 | 17:45 | 18:00 | 18:15 | 18:30 | 18:45 | 19:00,2
2026-06-02 17:43:29,2026-06-02,-,18:00 | 18:15 | 18:30 | 18:45 | 19:00 | 19:15,0
2026-06-02 17:43:29,2026-06-05,-,12:00 | 17:00 | 17:15 | 17:30 | 17:45 | 18:00 | 18:15 | 18:30 | 18:45 | 19:00 | 19:15,0
2026-06-02 17:43:29,2026-06-06,-,12:00 | 17:00 | 17:15 | 17:30 | 17:45 | 18:00 | 18:15 | 18:30 | 18:45 | 19:00 | 19:15,0
2026-06-02 17:43:29,2026-06-07,-,11:30 | 17:00 | 17:15 | 17:30 | 17:45 | 18:00 | 18:15 | 18:30 | 18:45 | 19:00 | 19:15,0
2026-06-02 17:43:29,2026-06-08,17:00 | 19:15,12:00 | 17:15 | 17:30 | 17:45 | 18:00 | 18:15 | 18:30 | 18:45 | 19:00,2
2026-06-02 17:43:29,2026-06-09,17:00 | 19:15,12:00 | 17:15 | 17:30 | 17:45 | 18:00 | 18:15 | 18:30 | 18:45 | 19:00,2
2026-06-02 17:45:07,2026-06-02,-,18:15 | 18:30 | 18:45 | 19:00 | 19:15,0
2026-06-02 17:45:07,2026-06-05,-,12:00 | 17:00 | 17:15 | 17:30 | 17:45 | 18:00 | 18:15 | 18:30 | 18:45 | 19:00 | 19:15,0
2026-06-02 17:45:07,2026-06-06,-,12:00 | 17:00 | 17:15 | 17:30 | 17:45 | 18:00 | 18:15 | 18:30 | 18:45 | 19:00 | 19:15,0
2026-06-02 17:45:07,2026-06-07,-,11:30 | 17:00 | 17:15 | 17:30 | 17:45 | 18:00 | 18:15 | 18:30 | 18:45 | 19:00 | 19:15,0
2026-06-02 17:45:07,2026-06-08,17:00 | 19:15,12:00 | 17:15 | 17:30 | 17:45 | 18:00 | 18:15 | 18:30 | 18:45 | 19:00,2
2026-06-02 17:45:07,2026-06-09,17:00 | 19:15,12:00 | 17:15 | 17:30 | 17:45 | 18:00 | 18:15 | 18:30 | 18:45 | 19:00,2
2026-06-03 17:11:24,2026-06-05,-,12:00 | 17:00 | 17:15 | 17:30 | 17:45 | 18:00 | 18:15 | 18:30 | 18:45 | 19:00 | 19:15,0
2026-06-03 17:11:24,2026-06-06,-,12:00 | 17:00 | 17:15 | 17:30 | 17:45 | 18:00 | 18:15 | 18:30 | 18:45 | 19:00 | 19:15,0
2026-06-03 17:11:24,2026-06-07,-,11:30 | 17:00 | 17:15 | 17:30 | 17:45 | 18:00 | 18:15 | 18:30 | 18:45 | 19:00 | 19:15,0
2026-06-03 17:11:24,2026-06-08,17:00 | 19:15,12:00 | 17:15 | 17:30 | 17:45 | 18:00 | 18:15 | 18:30 | 18:45 | 19:00,2
2026-06-03 17:11:24,2026-06-09,17:00,12:00 | 17:15 | 17:30 | 17:45 | 18:00 | 18:15 | 18:30 | 18:45 | 19:00 | 19:15,1
2026-06-03 17:11:24,2026-06-12,-,12:00 | 17:00 | 17:15 | 17:30 | 17:45 | 18:00 | 18:15 | 18:30 | 18:45 | 19:00 | 19:15,0
2026-06-03 17:26:53,2026-06-05,-,12:00 | 17:00 | 17:15 | 17:30 | 17:45 | 18:00 | 18:15 | 18:30 | 18:45 | 19:00 | 19:15,0
2026-06-03 17:26:53,2026-06-06,-,12:00 | 17:00 | 17:15 | 17:30 | 17:45 | 18:00 | 18:15 | 18:30 | 18:45 | 19:00 | 19:15,0
2026-06-03 17:26:53,2026-06-07,-,11:30 | 17:00 | 17:15 | 17:30 | 17:45 | 18:00 | 18:15 | 18:30 | 18:45 | 19:00 | 19:15,0
2026-06-03 17:26:53,2026-06-08,17:00 | 19:15,12:00 | 17:15 | 17:30 | 17:45 | 18:00 | 18:15 | 18:30 | 18:45 | 19:00,2
2026-06-03 17:26:53,2026-06-09,17:00,12:00 | 17:15 | 17:30 | 17:45 | 18:00 | 18:15 | 18:30 | 18:45 | 19:00 | 19:15,1
2026-06-03 17:26:53,2026-06-12,-,12:00 | 17:00 | 17:15 | 17:30 | 17:45 | 18:00 | 18:15 | 18:30 | 18:45 | 19:00 | 19:15,0
2026-06-03 18:01:43,2026-06-05,-,12:00 | 17:00 | 17:15 | 17:30 | 17:45 | 18:00 | 18:15 | 18:30 | 18:45 | 19:00 | 19:15,0
2026-06-03 18:01:43,2026-06-06,-,12:00 | 17:00 | 17:15 | 17:30 | 17:45 | 18:00 | 18:15 | 18:30 | 18:45 | 19:00 | 19:15,0
2026-06-03 18:01:43,2026-06-07,-,11:30 | 17:00 | 17:15 | 17:30 | 17:45 | 18:00 | 18:15 | 18:30 | 18:45 | 19:00 | 19:15,0
2026-06-03 18:01:43,2026-06-08,17:00 | 19:15,12:00 | 17:15 | 17:30 | 17:45 | 18:00 | 18:15 | 18:30 | 18:45 | 19:00,2
2026-06-03 18:01:43,2026-06-09,17:00,12:00 | 17:15 | 17:30 | 17:45 | 18:00 | 18:15 | 18:30 | 18:45 | 19:00 | 19:15,1
2026-06-03 18:01:43,2026-06-12,-,12:00 | 17:00 | 17:15 | 17:30 | 17:45 | 18:00 | 18:15 | 18:30 | 18:45 | 19:00 | 19:15,0
2026-06-03 18:02:41,2026-06-05,-,12:00 | 17:00 | 17:15 | 17:30 | 17:45 | 18:00 | 18:15 | 18:30 | 18:45 | 19:00 | 19:15,0
2026-06-03 18:02:41,2026-06-06,-,12:00 | 17:00 | 17:15 | 17:30 | 17:45 | 18:00 | 18:15 | 18:30 | 18:45 | 19:00 | 19:15,0
2026-06-03 18:02:41,2026-06-07,-,11:30 | 17:00 | 17:15 | 17:30 | 17:45 | 18:00 | 18:15 | 18:30 | 18:45 | 19:00 | 19:15,0
2026-06-03 18:02:41,2026-06-08,17:00 | 19:15,12:00 | 17:15 | 17:30 | 17:45 | 18:00 | 18:15 | 18:30 | 18:45 | 19:00,2
2026-06-03 18:02:41,2026-06-09,17:00,12:00 | 17:15 | 17:30 | 17:45 | 18:00 | 18:15 | 18:30 | 18:45 | 19:00 | 19:15,1
2026-06-03 18:02:41,2026-06-12,-,12:00 | 17:00 | 17:15 | 17:30 | 17:45 | 18:00 | 18:15 | 18:30 | 18:45 | 19:00 | 19:15,0
2026-06-04 16:20:28,2026-06-05,-,12:00 | 17:00 | 17:15 | 17:30 | 17:45 | 18:00 | 18:15 | 18:30 | 18:45 | 19:00 | 19:15,0
2026-06-04 16:20:28,2026-06-06,-,12:00 | 17:00 | 17:15 | 17:30 | 17:45 | 18:00 | 18:15 | 18:30 | 18:45 | 19:00 | 19:15,0
2026-06-04 16:20:28,2026-06-07,-,11:30 | 17:00 | 17:15 | 17:30 | 17:45 | 18:00 | 18:15 | 18:30 | 18:45 | 19:00 | 19:15,0
2026-06-04 16:20:28,2026-06-08,17:00 | 19:15,12:00 | 17:15 | 17:30 | 17:45 | 18:00 | 18:15 | 18:30 | 18:45 | 19:00,2
2026-06-04 16:20:28,2026-06-09,17:00,12:00 | 17:15 | 17:30 | 17:45 | 18:00 | 18:15 | 18:30 | 18:45 | 19:00 | 19:15,1
2026-06-04 16:20:28,2026-06-12,-,12:00 | 17:00 | 17:15 | 17:30 | 17:45 | 18:00 | 18:15 | 18:30 | 18:45 | 19:00 | 19:15,0
2026-06-04 16:20:28,2026-06-13,17:00,12:00 | 17:15 | 17:30 | 17:45 | 18:00 | 18:15 | 18:30 | 18:45 | 19:00 | 19:15,1
2026-06-04 16:59:23,2026-06-05,-,12:00 | 17:00 | 17:15 | 17:30 | 17:45 | 18:00 | 18:15 | 18:30 | 18:45 | 19:00 | 19:15,0
2026-06-04 16:59:23,2026-06-06,-,12:00 | 17:00 | 17:15 | 17:30 | 17:45 | 18:00 | 18:15 | 18:30 | 18:45 | 19:00 | 19:15,0
2026-06-04 16:59:23,2026-06-07,-,11:30 | 17:00 | 17:15 | 17:30 | 17:45 | 18:00 | 18:15 | 18:30 | 18:45 | 19:00 | 19:15,0
2026-06-04 16:59:23,2026-06-08,17:00 | 19:15,12:00 | 17:15 | 17:30 | 17:45 | 18:00 | 18:15 | 18:30 | 18:45 | 19:00,2
2026-06-04 16:59:23,2026-06-09,17:00,12:00 | 17:15 | 17:30 | 17:45 | 18:00 | 18:15 | 18:30 | 18:45 | 19:00 | 19:15,1
2026-06-04 16:59:23,2026-06-12,-,12:00 | 17:00 | 17:15 | 17:30 | 17:45 | 18:00 | 18:15 | 18:30 | 18:45 | 19:00 | 19:15,0
2026-06-04 16:59:23,2026-06-13,17:00,12:00 | 17:15 | 17:30 | 17:45 | 18:00 | 18:15 | 18:30 | 18:45 | 19:00 | 19:15,1
2026-06-04 17:25:25,2026-06-05,-,12:00 | 17:00 | 17:15 | 17:30 | 17:45 | 18:00 | 18:15 | 18:30 | 18:45 | 19:00 | 19:15,0
2026-06-04 17:25:25,2026-06-06,-,12:00 | 17:00 | 17:15 | 17:30 | 17:45 | 18:00 | 18:15 | 18:30 | 18:45 | 19:00 | 19:15,0
2026-06-04 17:25:25,2026-06-07,-,11:30 | 17:00 | 17:15 | 17:30 | 17:45 | 18:00 | 18:15 | 18:30 | 18:45 | 19:00 | 19:15,0
2026-06-04 17:25:25,2026-06-08,17:00 | 19:15,12:00 | 17:15 | 17:30 | 17:45 | 18:00 | 18:15 | 18:30 | 18:45 | 19:00,2
2026-06-04 17:25:25,2026-06-09,17:00,12:00 | 17:15 | 17:30 | 17:45 | 18:00 | 18:15 | 18:30 | 18:45 | 19:00 | 19:15,1
2026-06-04 17:25:25,2026-06-12,-,12:00 | 17:00 | 17:15 | 17:30 | 17:45 | 18:00 | 18:15 | 18:30 | 18:45 | 19:00 | 19:15,0
2026-06-04 17:25:25,2026-06-13,17:00,12:00 | 17:15 | 17:30 | 17:45 | 18:00 | 18:15 | 18:30 | 18:45 | 19:00 | 19:15,1
2026-06-04 17:33:27,2026-06-05,-,12:00 | 17:00 | 17:15 | 17:30 | 17:45 | 18:00 | 18:15 | 18:30 | 18:45 | 19:00 | 19:15,0
2026-06-04 17:33:27,2026-06-06,-,12:00 | 17:00 | 17:15 | 17:30 | 17:45 | 18:00 | 18:15 | 18:30 | 18:45 | 19:00 | 19:15,0
2026-06-04 17:33:27,2026-06-07,-,11:30 | 17:00 | 17:15 | 17:30 | 17:45 | 18:00 | 18:15 | 18:30 | 18:45 | 19:00 | 19:15,0
2026-06-04 17:33:27,2026-06-08,17:00 | 19:15,12:00 | 17:15 | 17:30 | 17:45 | 18:00 | 18:15 | 18:30 | 18:45 | 19:00,2
2026-06-04 17:33:27,2026-06-09,17:00,12:00 | 17:15 | 17:30 | 17:45 | 18:00 | 18:15 | 18:30 | 18:45 | 19:00 | 19:15,1
2026-06-04 17:33:27,2026-06-12,-,12:00 | 17:00 | 17:15 | 17:30 | 17:45 | 18:00 | 18:15 | 18:30 | 18:45 | 19:00 | 19:15,0
2026-06-04 17:33:27,2026-06-13,17:00,12:00 | 17:15 | 17:30 | 17:45 | 18:00 | 18:15 | 18:30 | 18:45 | 19:00 | 19:15,1
2026-06-05 16:02:57,2026-06-05,-,17:00 | 17:15 | 17:30 | 17:45 | 18:00 | 18:15 | 18:30 | 18:45 | 19:00 | 19:15,0
2026-06-05 16:02:57,2026-06-06,-,12:00 | 17:00 | 17:15 | 17:30 | 17:45 | 18:00 | 18:15 | 18:30 | 18:45 | 19:00 | 19:15,0
2026-06-05 16:02:57,2026-06-07,-,11:30 | 17:00 | 17:15 | 17:30 | 17:45 | 18:00 | 18:15 | 18:30 | 18:45 | 19:00 | 19:15,0
2026-06-05 16:02:57,2026-06-08,17:00 | 19:15,12:00 | 17:15 | 17:30 | 17:45 | 18:00 | 18:15 | 18:30 | 18:45 | 19:00,2
2026-06-05 16:02:57,2026-06-09,17:00,12:00 | 17:15 | 17:30 | 17:45 | 18:00 | 18:15 | 18:30 | 18:45 | 19:00 | 19:15,1
2026-06-05 16:02:57,2026-06-12,-,12:00 | 17:00 | 17:15 | 17:30 | 17:45 | 18:00 | 18:15 | 18:30 | 18:45 | 19:00 | 19:15,0
2026-06-05 16:02:57,2026-06-13,-,12:00 | 17:00 | 17:15 | 17:30 | 17:45 | 18:00 | 18:15 | 18:30 | 18:45 | 19:00 | 19:15,0
2026-06-05 16:02:57,2026-06-14,17:00 | 19:15,11:30 | 17:15 | 17:30 | 17:45 | 18:00 | 18:15 | 18:30 | 18:45 | 19:00,2
2026-06-05 16:16:53,2026-06-05,-,17:00 | 17:15 | 17:30 | 17:45 | 18:00 | 18:15 | 18:30 | 18:45 | 19:00 | 19:15,0
2026-06-05 16:16:53,2026-06-06,-,12:00 | 17:00 | 17:15 | 17:30 | 17:45 | 18:00 | 18:15 | 18:30 | 18:45 | 19:00 | 19:15,0
2026-06-05 16:16:53,2026-06-07,-,11:30 | 17:00 | 17:15 | 17:30 | 17:45 | 18:00 | 18:15 | 18:30 | 18:45 | 19:00 | 19:15,0
2026-06-05 16:16:53,2026-06-08,17:00 | 19:15,12:00 | 17:15 | 17:30 | 17:45 | 18:00 | 18:15 | 18:30 | 18:45 | 19:00,2
2026-06-05 16:16:53,2026-06-09,17:00,12:00 | 17:15 | 17:30 | 17:45 | 18:00 | 18:15 | 18:30 | 18:45 | 19:00 | 19:15,1
2026-06-05 16:16:53,2026-06-12,-,12:00 | 17:00 | 17:15 | 17:30 | 17:45 | 18:00 | 18:15 | 18:30 | 18:45 | 19:00 | 19:15,0
2026-06-05 16:16:53,2026-06-13,-,12:00 | 17:00 | 17:15 | 17:30 | 17:45 | 18:00 | 18:15 | 18:30 | 18:45 | 19:00 | 19:15,0
2026-06-05 16:16:53,2026-06-14,17:00 | 19:15,11:30 | 17:15 | 17:30 | 17:45 | 18:00 | 18:15 | 18:30 | 18:45 | 19:00,2
2026-06-05 17:13:58,2026-06-05,-,17:30 | 17:45 | 18:00 | 18:15 | 18:30 | 18:45 | 19:00 | 19:15,0
2026-06-05 17:13:58,2026-06-06,-,12:00 | 17:00 | 17:15 | 17:30 | 17:45 | 18:00 | 18:15 | 18:30 | 18:45 | 19:00 | 19:15,0
2026-06-05 17:13:58,2026-06-07,-,11:30 | 17:00 | 17:15 | 17:30 | 17:45 | 18:00 | 18:15 | 18:30 | 18:45 | 19:00 | 19:15,0
2026-06-05 17:13:58,2026-06-08,17:00 | 19:15,12:00 | 17:15 | 17:30 | 17:45 | 18:00 | 18:15 | 18:30 | 18:45 | 19:00,2
2026-06-05 17:13:58,2026-06-09,17:00,12:00 | 17:15 | 17:30 | 17:45 | 18:00 | 18:15 | 18:30 | 18:45 | 19:00 | 19:15,1
2026-06-05 17:13:58,2026-06-12,-,12:00 | 17:00 | 17:15 | 17:30 | 17:45 | 18:00 | 18:15 | 18:30 | 18:45 | 19:00 | 19:15,0
2026-06-05 17:13:58,2026-06-13,-,12:00 | 17:00 | 17:15 | 17:30 | 17:45 | 18:00 | 18:15 | 18:30 | 18:45 | 19:00 | 19:15,0
2026-06-05 17:13:58,2026-06-14,17:00 | 19:15,11:30 | 17:15 | 17:30 | 17:45 | 18:00 | 18:15 | 18:30 | 18:45 | 19:00,2
2026-06-05 17:16:01,2026-06-05,-,17:45 | 18:00 | 18:15 | 18:30 | 18:45 | 19:00 | 19:15,0
2026-06-05 17:16:01,2026-06-06,-,12:00 | 17:00 | 17:15 | 17:30 | 17:45 | 18:00 | 18:15 | 18:30 | 18:45 | 19:00 | 19:15,0
2026-06-05 17:16:01,2026-06-07,-,11:30 | 17:00 | 17:15 | 17:30 | 17:45 | 18:00 | 18:15 | 18:30 | 18:45 | 19:00 | 19:15,0
2026-06-05 17:16:01,2026-06-08,17:00 | 19:15,12:00 | 17:15 | 17:30 | 17:45 | 18:00 | 18:15 | 18:30 | 18:45 | 19:00,2
2026-06-05 17:16:01,2026-06-09,17:00,12:00 | 17:15 | 17:30 | 17:45 | 18:00 | 18:15 | 18:30 | 18:45 | 19:00 | 19:15,1
2026-06-05 17:16:01,2026-06-12,-,12:00 | 17:00 | 17:15 | 17:30 | 17:45 | 18:00 | 18:15 | 18:30 | 18:45 | 19:00 | 19:15,0
2026-06-05 17:16:01,2026-06-13,-,12:00 | 17:00 | 17:15 | 17:30 | 17:45 | 18:00 | 18:15 | 18:30 | 18:45 | 19:00 | 19:15,0
2026-06-05 17:16:01,2026-06-14,17:00 | 19:15,11:30 | 17:15 | 17:30 | 17:45 | 18:00 | 18:15 | 18:30 | 18:45 | 19:00,2
2026-06-06 15:24:01,2026-06-06,-,17:00 | 17:15 | 17:30 | 17:45 | 18:00 | 18:15 | 18:30 | 18:45 | 19:00 | 19:15,0
2026-06-06 15:24:01,2026-06-07,-,11:30 | 17:00 | 17:15 | 17:30 | 17:45 | 18:00 | 18:15 | 18:30 | 18:45 | 19:00 | 19:15,0
2026-06-06 15:24:01,2026-06-08,17:00 | 19:15,12:00 | 17:15 | 17:30 | 17:45 | 18:00 | 18:15 | 18:30 | 18:45 | 19:00,2
2026-06-06 15:24:01,2026-06-09,17:00,12:00 | 17:15 | 17:30 | 17:45 | 18:00 | 18:15 | 18:30 | 18:45 | 19:00 | 19:15,1
2026-06-06 15:24:01,2026-06-12,-,12:00 | 17:00 | 17:15 | 17:30 | 17:45 | 18:00 | 18:15 | 18:30 | 18:45 | 19:00 | 19:15,0
2026-06-06 15:24:01,2026-06-13,-,12:00 | 17:00 | 17:15 | 17:30 | 17:45 | 18:00 | 18:15 | 18:30 | 18:45 | 19:00 | 19:15,0
2026-06-06 15:24:01,2026-06-14,17:00 | 19:15,11:30 | 17:15 | 17:30 | 17:45 | 18:00 | 18:15 | 18:30 | 18:45 | 19:00,2
2026-06-06 15:24:01,2026-06-15,17:00 | 19:15,12:00 | 17:15 | 17:30 | 17:45 | 18:00 | 18:15 | 18:30 | 18:45 | 19:00,2
2026-06-06 15:36:25,2026-06-06,-,17:00 | 17:15 | 17:30 | 17:45 | 18:00 | 18:15 | 18:30 | 18:45 | 19:00 | 19:15,0
2026-06-06 15:36:25,2026-06-07,-,11:30 | 17:00 | 17:15 | 17:30 | 17:45 | 18:00 | 18:15 | 18:30 | 18:45 | 19:00 | 19:15,0
2026-06-06 15:36:25,2026-06-08,17:00 | 19:15,12:00 | 17:15 | 17:30 | 17:45 | 18:00 | 18:15 | 18:30 | 18:45 | 19:00,2
2026-06-06 15:36:25,2026-06-09,17:00,12:00 | 17:15 | 17:30 | 17:45 | 18:00 | 18:15 | 18:30 | 18:45 | 19:00 | 19:15,1
2026-06-06 15:36:25,2026-06-12,-,12:00 | 17:00 | 17:15 | 17:30 | 17:45 | 18:00 | 18:15 | 18:30 | 18:45 | 19:00 | 19:15,0
2026-06-06 15:36:25,2026-06-13,-,12:00 | 17:00 | 17:15 | 17:30 | 17:45 | 18:00 | 18:15 | 18:30 | 18:45 | 19:00 | 19:15,0
2026-06-06 15:36:25,2026-06-14,17:00 | 19:15,11:30 | 17:15 | 17:30 | 17:45 | 18:00 | 18:15 | 18:30 | 18:45 | 19:00,2
2026-06-06 15:36:25,2026-06-15,17:00 | 19:15,12:00 | 17:15 | 17:30 | 17:45 | 18:00 | 18:15 | 18:30 | 18:45 | 19:00,2
2026-06-06 16:21:52,2026-06-06,-,17:00 | 17:15 | 17:30 | 17:45 | 18:00 | 18:15 | 18:30 | 18:45 | 19:00 | 19:15,0
2026-06-06 16:21:52,2026-06-07,-,11:30 | 17:00 | 17:15 | 17:30 | 17:45 | 18:00 | 18:15 | 18:30 | 18:45 | 19:00 | 19:15,0
2026-06-06 16:21:52,2026-06-08,17:00 | 19:15,12:00 | 17:15 | 17:30 | 17:45 | 18:00 | 18:15 | 18:30 | 18:45 | 19:00,2
2026-06-06 16:21:52,2026-06-09,17:00,12:00 | 17:15 | 17:30 | 17:45 | 18:00 | 18:15 | 18:30 | 18:45 | 19:00 | 19:15,1
2026-06-06 16:21:52,2026-06-12,-,12:00 | 17:00 | 17:15 | 17:30 | 17:45 | 18:00 | 18:15 | 18:30 | 18:45 | 19:00 | 19:15,0
2026-06-06 16:21:52,2026-06-13,-,12:00 | 17:00 | 17:15 | 17:30 | 17:45 | 18:00 | 18:15 | 18:30 | 18:45 | 19:00 | 19:15,0
2026-06-06 16:21:52,2026-06-14,17:00,11:30 | 17:15 | 17:30 | 17:45 | 18:00 | 18:15 | 18:30 | 18:45 | 19:00 | 19:15,1
2026-06-06 16:21:52,2026-06-15,17:00 | 19:15,12:00 | 17:15 | 17:30 | 17:45 | 18:00 | 18:15 | 18:30 | 18:45 | 19:00,2
2026-06-06 16:23:39,2026-06-06,-,17:00 | 17:15 | 17:30 | 17:45 | 18:00 | 18:15 | 18:30 | 18:45 | 19:00 | 19:15,0
2026-06-06 16:23:39,2026-06-07,-,11:30 | 17:00 | 17:15 | 17:30 | 17:45 | 18:00 | 18:15 | 18:30 | 18:45 | 19:00 | 19:15,0
2026-06-06 16:23:39,2026-06-08,17:00 | 19:15,12:00 | 17:15 | 17:30 | 17:45 | 18:00 | 18:15 | 18:30 | 18:45 | 19:00,2
2026-06-06 16:23:39,2026-06-09,17:00,12:00 | 17:15 | 17:30 | 17:45 | 18:00 | 18:15 | 18:30 | 18:45 | 19:00 | 19:15,1
2026-06-06 16:23:39,2026-06-12,-,12:00 | 17:00 | 17:15 | 17:30 | 17:45 | 18:00 | 18:15 | 18:30 | 18:45 | 19:00 | 19:15,0
2026-06-06 16:23:39,2026-06-13,-,12:00 | 17:00 | 17:15 | 17:30 | 17:45 | 18:00 | 18:15 | 18:30 | 18:45 | 19:00 | 19:15,0
2026-06-06 16:23:39,2026-06-14,17:00,11:30 | 17:15 | 17:30 | 17:45 | 18:00 | 18:15 | 18:30 | 18:45 | 19:00 | 19:15,1
2026-06-06 16:23:39,2026-06-15,17:00 | 19:15,12:00 | 17:15 | 17:30 | 17:45 | 18:00 | 18:15 | 18:30 | 18:45 | 19:00,2
2026-06-07 16:02:20,2026-06-07,-,17:00 | 17:15 | 17:30 | 17:45 | 18:00 | 18:15 | 18:30 | 18:45 | 19:00 | 19:15,0
2026-06-07 16:02:20,2026-06-08,17:00 | 19:15,12:00 | 17:15 | 17:30 | 17:45 | 18:00 | 18:15 | 18:30 | 18:45 | 19:00,2
2026-06-07 16:02:20,2026-06-09,17:00,12:00 | 17:15 | 17:30 | 17:45 | 18:00 | 18:15 | 18:30 | 18:45 | 19:00 | 19:15,1
2026-06-07 16:02:20,2026-06-12,-,12:00 | 17:00 | 17:15 | 17:30 | 17:45 | 18:00 | 18:15 | 18:30 | 18:45 | 19:00 | 19:15,0
2026-06-07 16:02:20,2026-06-13,-,12:00 | 17:00 | 17:15 | 17:30 | 17:45 | 18:00 | 18:15 | 18:30 | 18:45 | 19:00 | 19:15,0
2026-06-07 16:02:20,2026-06-14,-,11:30 | 17:00 | 17:15 | 17:30 | 17:45 | 18:00 | 18:15 | 18:30 | 18:45 | 19:00 | 19:15,0
2026-06-07 16:02:20,2026-06-15,17:00 | 19:15,12:00 | 17:15 | 17:30 | 17:45 | 18:00 | 18:15 | 18:30 | 18:45 | 19:00,2
2026-06-07 16:02:20,2026-06-16,17:00,12:00 | 17:15 | 17:30 | 17:45 | 18:00 | 18:15 | 18:30 | 18:45 | 19:00 | 19:15,1
